1
57
25
5
0
0
0
0
3.300000000000000e+00
3.320000000000000e+00
3.340000000000000e+00
3.360000000000000e+00
3.380000000000000e+00
3.400000000000000e+00
3.420000000000000e+00
3.440000000000000e+00
3.460000000000000e+00
3.480000000000000e+00
3.500000000000000e+00
3.520000000000000e+00
3.540000000000000e+00
3.560000000000000e+00
3.580000000000000e+00
3.600000000000000e+00
3.620000000000000e+00
3.640000000000000e+00
3.660000000000000e+00
3.680000000000000e+00
3.700000000000000e+00
3.730000000000000e+00
3.760000000000000e+00
3.790000000000000e+00
3.820000000000000e+00
3.850000000000000e+00
3.880000000000000e+00
3.910000000000000e+00
3.940000000000000e+00
3.970000000000000e+00
4.000000000000000e+00
4.050000000000000e+00
4.100000000000000e+00
4.150000000000000e+00
4.200000000000000e+00
4.250000000000000e+00
4.300000000000000e+00
4.350000000000000e+00
4.400000000000000e+00
4.450000000000000e+00
4.500000000000000e+00
4.550000000000000e+00
4.600000000000000e+00
4.650000000000000e+00
4.700000000000000e+00
4.750000000000000e+00
4.800000000000000e+00
4.850000000000000e+00
4.900000000000000e+00
4.950000000000000e+00
5.000000000000000e+00
5.050000000000000e+00
5.100000000000000e+00
5.150000000000000e+00
5.200000000000000e+00
5.250000000000000e+00
5.300000000000000e+00
-4.000000000000000e+00
-3.500000000000000e+00
-3.000000000000000e+00
-2.500000000000000e+00
-2.000000000000000e+00
-1.500000000000000e+00
-1.000000000000000e+00
-5.000000000000000e-01
0.000000000000000e+00
5.000000000000000e-01
1.000000000000000e+00
1.500000000000000e+00
2.000000000000000e+00
2.500000000000000e+00
3.000000000000000e+00
3.500000000000000e+00
4.000000000000000e+00
4.500000000000000e+00
5.000000000000000e+00
5.500000000000000e+00
6.000000000000000e+00
6.500000000000000e+00
7.000000000000000e+00
7.500000000000000e+00
8.000000000000000e+00
-7.72906876e+00
-7.72943020e+00
-7.72950268e+00
-7.72891617e+00
-7.72592735e+00
-7.71524382e+00
-7.68118858e+00
-7.58025551e+00
-7.31597281e+00
-6.76808167e+00
-5.92412758e+00
-4.89682961e+00
-3.79008889e+00
-2.65463042e+00
-1.50900674e+00
-3.60114694e-01
7.90165842e-01
1.94075656e+00
3.09177160e+00
4.24275923e+00
5.39401293e+00
6.54514456e+00
7.69648361e+00
8.84766483e+00
9.99903202e+00
-7.72677040e+00
-7.72835159e+00
-7.72905016e+00
-7.72916842e+00
-7.72848177e+00
-7.72537279e+00
-7.71464109e+00
-7.68106461e+00
-7.58264542e+00
-7.32611656e+00
-6.79301596e+00
-5.96680117e+00
-4.95341492e+00
-3.85588670e+00
-2.72559929e+00
-1.58325517e+00
-4.36060220e-01
7.12825298e-01
1.86276340e+00
3.01305628e+00
4.16387749e+00
5.31475019e+00
6.46593761e+00
7.61703157e+00
8.76834869e+00
-7.72027302e+00
-7.72457743e+00
-7.72712755e+00
-7.72837734e+00
-7.72862387e+00
-7.72764158e+00
-7.72366953e+00
-7.71095276e+00
-7.67306709e+00
-7.56639814e+00
-7.29774523e+00
-6.75686884e+00
-5.93702030e+00
-4.93969870e+00
-3.85739994e+00
-2.73842072e+00
-1.60311401e+00
-4.60679024e-01
6.85353339e-01
1.83307254e+00
2.98220229e+00
4.13201332e+00
5.28256083e+00
6.43328094e+00
7.58438253e+00
-7.70807457e+00
-7.71594238e+00
-7.72167826e+00
-7.72532177e+00
-7.72722340e+00
-7.72756767e+00
-7.72581005e+00
-7.71938181e+00
-7.70052338e+00
-7.64853287e+00
-7.51320648e+00
-7.19982243e+00
-6.61886692e+00
-5.79277325e+00
-4.81717014e+00
-3.76334524e+00
-2.66726589e+00
-1.54805660e+00
-4.15922701e-01
7.22965300e-01
1.86619711e+00
3.01212907e+00
4.16024256e+00
5.30949640e+00
6.45974016e+00
-7.69239283e+00
-7.70208740e+00
-7.71102619e+00
-7.71806335e+00
-7.72277975e+00
-7.72523975e+00
-7.72530174e+00
-7.72150898e+00
-7.70896816e+00
-7.67476034e+00
-7.58834600e+00
-7.38795471e+00
-6.98505640e+00
-6.33468008e+00
-5.49737787e+00
-4.55687189e+00
-3.55222988e+00
-2.49996614e+00
-1.41269839e+00
-3.02742571e-01
8.21416855e-01
1.95450079e+00
3.09417295e+00
4.23814106e+00
5.38520527e+00
-7.67797184e+00
-7.68671799e+00
-7.69631004e+00
-7.70578146e+00
-7.71373129e+00
-7.71917295e+00
-7.72160816e+00
-7.72004414e+00
-7.71084261e+00
-7.68343782e+00
-7.61318779e+00
-7.45208645e+00
-7.13042688e+00
-6.59502983e+00
-5.86425924e+00
-5.02110147e+00
-4.12693071e+00
-3.19101954e+00
-2.20595455e+00
-1.17350554e+00
-1.03691414e-01
9.91813540e-01
2.10563159e+00
3.23250699e+00
4.36883354e+00
-7.66800451e+00
-7.67374420e+00
-7.68177271e+00
-7.69094467e+00
-7.70033026e+00
-7.70840788e+00
-7.71351624e+00
-7.71405268e+00
-7.70698881e+00
-7.68363190e+00
-7.62109089e+00
-7.47327709e+00
-7.17563820e+00
-6.68285751e+00
-6.00987625e+00
-5.21808767e+00
-4.37969828e+00
-3.53333640e+00
-2.66980052e+00
-1.76543903e+00
-8.07527661e-01
2.00497150e-01
1.24902248e+00
2.32897639e+00
3.43352938e+00
-7.66425419e+00
-7.66618586e+00
-7.67047024e+00
-7.67740297e+00
-7.68578863e+00
-7.69423866e+00
-7.70086288e+00
-7.70282936e+00
-7.69621801e+00
-7.67325687e+00
-7.61443663e+00
-7.47527409e+00
-7.18684101e+00
-6.70170403e+00
-6.04111576e+00
-5.27089310e+00
-4.44930744e+00
-3.62430382e+00
-2.81834412e+00
-2.01605749e+00
-1.18748581e+00
-3.11249197e-01
6.19388103e-01
1.60129726e+00
2.62991333e+00
-7.66335106e+00
-7.66381884e+00
-7.66505146e+00
-7.66802883e+00
-7.67347431e+00
-7.68033266e+00
-7.68620777e+00
-7.68770361e+00
-7.67923689e+00
-7.65166235e+00
-7.58725929e+00
-7.44861412e+00
-7.17017794e+00
-6.69344091e+00
-6.03291416e+00
-5.26053619e+00
-4.44132519e+00
-3.61319757e+00
-2.80495453e+00
-2.03005695e+00
-1.27197814e+00
-5.02500594e-01
3.01970571e-01
1.15334415e+00
2.05805612e+00
-7.66247368e+00
-7.66309071e+00
-7.66348934e+00
-7.66424179e+00
-7.66604471e+00
-7.66948414e+00
-7.67316723e+00
-7.67256927e+00
-7.65998554e+00
-7.62298822e+00
-7.54201651e+00
-7.38519430e+00
-7.10319424e+00
-6.64322996e+00
-5.99913788e+00
-5.22995472e+00
-4.40470028e+00
-3.56911230e+00
-2.74645185e+00
-1.95613074e+00
-1.20515287e+00
-4.77886796e-01
2.50620097e-01
1.00007856e+00
1.78378439e+00
-7.65682316e+00
-7.66105700e+00
-7.66255522e+00
-7.66310215e+00
-7.66343546e+00
-7.66388369e+00
-7.66408968e+00
-7.66070700e+00
-7.64403439e+00
-7.59606361e+00
-7.49073076e+00
-7.29716253e+00
-6.98387671e+00
-6.52473974e+00
-5.91139984e+00
-5.17116785e+00
-4.35650730e+00
-3.51549339e+00
-2.68027806e+00
-1.86944520e+00
-1.09706426e+00
-3.66046876e-01
3.39324653e-01
1.03945136e+00
1.74995196e+00
-7.62737608e+00
-7.64824486e+00
-7.65772772e+00
-7.66130066e+00
-7.66235447e+00
-7.66213799e+00
-7.66030121e+00
-7.65397644e+00
-7.63408518e+00
-7.57865715e+00
-7.45022869e+00
-7.20999575e+00
-6.84106064e+00
-6.35051823e+00
-5.75061846e+00
-5.05278826e+00
-4.27633619e+00
-3.45256424e+00
-2.61372042e+00
-1.78763282e+00
-9.91608560e-01
-2.37594962e-01
4.76208359e-01
1.16461980e+00
1.84447277e+00
-7.53596449e+00
-7.59681225e+00
-7.63242912e+00
-7.65071249e+00
-7.65845633e+00
-7.66067219e+00
-7.65936232e+00
-7.65255213e+00
-7.63137913e+00
-7.57276630e+00
-7.43133163e+00
-7.15123510e+00
-6.71611404e+00
-6.16590309e+00
-5.54444313e+00
-4.86834097e+00
-4.13753366e+00
-3.35572529e+00
-2.53821516e+00
-1.71000850e+00
-8.97493660e-01
-1.18952818e-01
6.16971195e-01
1.31494546e+00
1.98956990e+00
-7.32170343e+00
-7.46016979e+00
-7.55084419e+00
-7.60655403e+00
-7.63770008e+00
-7.65241480e+00
-7.65674448e+00
-7.65269089e+00
-7.63404465e+00
-7.57811689e+00
-7.43419170e+00
-7.13239527e+00
-6.64154148e+00
-6.01775885e+00
-5.34190416e+00
-4.65096855e+00
-3.94276047e+00
-3.20430160e+00
-2.42868137e+00
-1.62324882e+00
-8.09107125e-01
-1.32882418e-02
7.46543050e-01
1.46446490e+00
2.14826536e+00
-6.91050768e+00
-7.17178059e+00
-7.36010361e+00
-7.48775721e+00
-7.56898403e+00
-7.61672783e+00
-7.64093399e+00
-7.64765310e+00
-7.63608742e+00
-7.58893394e+00
-7.45526981e+00
-7.15053940e+00
-6.62587643e+00
-5.93682003e+00
-5.18860006e+00
-4.44853592e+00
-3.72742128e+00
-3.00859189e+00
-2.27159047e+00
-1.50554478e+00
-7.13156044e-01
8.48777220e-02
8.62220407e-01
1.60201037e+00
2.30268788e+00
-6.28233051e+00
-6.67557287e+00
-6.99457598e+00
-7.23581123e+00
-7.40595675e+00
-7.51775455e+00
-7.58535290e+00
-7.62002182e+00
-7.62632179e+00
-7.59431028e+00
-7.48139906e+00
-7.19671488e+00
-6.66194963e+00
-5.92548180e+00
-5.10756111e+00
-4.29788160e+00
-3.53065920e+00
-2.79894304e+00
-2.07838726e+00
-1.34638715e+00
-5.89914918e-01
1.88826010e-01
9.69576597e-01
1.72635889e+00
2.44634128e+00
-5.50541782e+00
-5.99192810e+00
-6.42791414e+00
-6.79734945e+00
-7.08999729e+00
-7.30489302e+00
-7.45030880e+00
-7.53873682e+00
-7.58049345e+00
-7.57426357e+00
-7.48991919e+00
-7.24465990e+00
-6.73470974e+00
-5.97425985e+00
-5.09911823e+00
-4.21863317e+00
-3.38449526e+00
-2.60904932e+00
-1.87537634e+00
-1.15700865e+00
-4.30702716e-01
3.16386193e-01
1.08131993e+00
1.84300590e+00
2.57887793e+00
-4.67383385e+00
-5.20873308e+00
-5.71715164e+00
-6.18449831e+00
-6.59426355e+00
-6.93135166e+00
-7.18758488e+00
-7.36354828e+00
-7.46599293e+00
-7.49834299e+00
-7.44498634e+00
-7.24604034e+00
-6.79665661e+00
-6.05944681e+00
-5.15057564e+00
-4.20987940e+00
-3.30661273e+00
-2.46772766e+00
-1.69319701e+00
-9.62434053e-01
-2.47792512e-01
4.72738296e-01
1.21116853e+00
1.96186185e+00
2.70402837e+00
-3.83637571e+00
-4.39168835e+00
-4.93575525e+00
-5.45917797e+00
-5.94931173e+00
-6.38949776e+00
-6.76160240e+00
-7.04936695e+00
-7.24219513e+00
-7.33357763e+00
-7.31180143e+00
-7.14338446e+00
-6.76226902e+00
-6.10957813e+00
-5.22944021e+00
-4.25553513e+00
-3.29376101e+00
-2.38826036e+00
-1.55399585e+00
-7.85540819e-01
-5.96853681e-02
6.50191009e-01
1.36524129e+00
2.09474397e+00
2.83059812e+00
-3.03033090e+00
-3.58679342e+00
-4.14439058e+00
-4.69413233e+00
-5.22740841e+00
-5.73230648e+00
-6.19195843e+00
-6.58347082e+00
-6.87931776e+00
-7.05011129e+00
-7.06928778e+00
-6.91491175e+00
-6.56777954e+00
-6.01033449e+00
-5.24067545e+00
-4.31172132e+00
-3.32645321e+00
-2.36770725e+00
-1.47096133e+00
-6.47625089e-01
1.11695148e-01
8.30827177e-01
1.53585672e+00
2.24551392e+00
2.96582770e+00
-2.28915715e+00
-2.81553054e+00
-3.36799073e+00
-3.92586327e+00
-4.47877407e+00
-5.01733828e+00
-5.52931356e+00
-5.99415684e+00
-6.37869358e+00
-6.63410473e+00
-6.70697927e+00
-6.56817627e+00
-6.23049545e+00
-5.72571850e+00
-5.07187891e+00
-4.27168608e+00
-3.35013223e+00
-2.38174129e+00
-1.43906689e+00
-5.58339596e-01
2.50408620e-01
9.98145640e-01
1.70994437e+00
2.40983653e+00
3.11407995e+00
-1.51376379e+00
-1.84328616e+00
-2.30243134e+00
-2.82903242e+00
-3.38024282e+00
-3.93466353e+00
-4.47945452e+00
-4.99846506e+00
-5.46251059e+00
-5.81532383e+00
-5.97463036e+00
-5.88172245e+00
-5.56171703e+00
-5.08995628e+00
-4.52279997e+00
-3.87881708e+00
-3.14894938e+00
-2.32031226e+00
-1.41507363e+00
-4.96684015e-01
3.81149203e-01
1.19425130e+00
1.94590533e+00
2.65709400e+00
3.35122728e+00
-1.27104044e+00
-1.35471702e+00
-1.55173874e+00
-1.90231740e+00
-2.37268996e+00
-2.90000701e+00
-3.44242430e+00
-3.97400427e+00
-4.46622753e+00
-4.86743593e+00
-5.09315968e+00
-5.06461382e+00
-4.78943491e+00
-4.35064268e+00
-3.82334089e+00
-3.24468970e+00
-2.62312388e+00
-1.94944370e+00
-1.20572543e+00
-3.86433423e-01
4.76480216e-01
1.32909620e+00
2.13377857e+00
2.88252068e+00
3.59110689e+00
-1.23305809e+00
-1.24621820e+00
-1.28511465e+00
-1.39056551e+00
-1.62310505e+00
-2.00351548e+00
-2.47947216e+00
-2.98452234e+00
-3.46764302e+00
-3.87510276e+00
-4.13229656e+00
-4.16329145e+00
-3.95503879e+00
-3.57027817e+00
-3.08400750e+00
-2.54356217e+00
-1.96963418e+00
-1.36711156e+00
-7.29869425e-01
-4.49983962e-02
6.98727250e-01
1.49224627e+00
2.29947805e+00
3.08004713e+00
3.81717777e+00
-1.22780001e+00
-1.22998571e+00
-1.23610926e+00
-1.25481653e+00
-1.30925655e+00
-1.44723272e+00
-1.71762431e+00
-2.10196948e+00
-2.51992178e+00
-2.88859105e+00
-3.13481092e+00
-3.19873285e+00
-3.06029534e+00
-2.75114894e+00
-2.32566214e+00
-1.82982481e+00
-1.29191136e+00
-7.26369977e-01
-1.37570381e-01
4.76741314e-01
1.12447762e+00
1.81416821e+00
2.54531813e+00
3.29791141e+00
4.04123402e+00
-1.22697735e+00
-1.22731221e+00
-1.22846448e+00
-1.23124886e+00
-1.23975134e+00
-1.26515913e+00
-1.33437717e+00
-1.48688293e+00
-1.72433519e+00
-1.97392845e+00
-2.14961576e+00
-2.19970155e+00
-2.10671258e+00
-1.87706411e+00
-1.53242457e+00
-1.10135591e+00
-6.10453486e-01
-7.99903348e-02
4.77632165e-01
1.05644488e+00
1.65637183e+00
2.28086424e+00
2.93502545e+00
3.61916876e+00
4.32267189e+00
-1.22632587e+00
-1.22674227e+00
-1.22695756e+00
-1.22715926e+00
-1.22780597e+00
-1.22885096e+00
-1.23175502e+00
-1.23953032e+00
-1.25589585e+00
-1.27587354e+00
-1.27682960e+00
-1.23380065e+00
-1.12967336e+00
-9.50530648e-01
-6.86458707e-01
-3.37016523e-01
8.72209743e-02
5.69034517e-01
1.09174109e+00
1.64264131e+00
2.21471381e+00
2.80535150e+00
3.41553783e+00
4.04714918e+00
4.69981766e+00
-1.21952546e+00
-1.22459602e+00
-1.22624421e+00
-1.22635913e+00
-1.22574723e+00
-1.22341430e+00
-1.21492529e+00
-1.18892717e+00
-1.11634529e+00
-9.52323854e-01
-6.98248148e-01
-4.38672632e-01
-2.22543791e-01
-2.57368758e-02
1.93905652e-01
4.68593061e-01
8.14287126e-01
1.23017657e+00
1.70410919e+00
2.22066617e+00
2.76714611e+00
3.33505750e+00
3.92061663e+00
4.52251148e+00
5.14092779e+00
-1.18230247e+00
-1.20441437e+00
-1.21812713e+00
-1.22377002e+00
-1.22504914e+00
-1.22284293e+00
-1.21478081e+00
-1.18829405e+00
-1.10974514e+00
-9.06506121e-01
-5.06854951e-01
1.64036974e-02
4.77461278e-01
8.06802809e-01
1.05742574e+00
1.29809189e+00
1.57693875e+00
1.91896820e+00
2.32912040e+00
2.79799080e+00
3.31122494e+00
3.85560775e+00
4.42226076e+00
5.00602913e+00
5.60492754e+00
-1.15111196e+00
-1.16177022e+00
-1.18136418e+00
-1.20330262e+00
-1.21690488e+00
-1.22093523e+00
-1.21627617e+00
-1.19544840e+00
-1.13044858e+00
-9.50828373e-01
-5.47982514e-01
1.00404561e-01
8.22855413e-01
1.41030002e+00
1.80957747e+00
2.09397745e+00
2.34893465e+00
2.63215375e+00
2.97422981e+00
3.38304162e+00
3.85109639e+00
4.36436462e+00
4.90993977e+00
5.47838879e+00
6.06449223e+00
-1.14567554e+00
-1.14742124e+00
-1.15184748e+00
-1.16286480e+00
-1.18261242e+00
-1.20275831e+00
-1.21097827e+00
-1.20004547e+00
-1.15101624e+00
-1.00589991e+00
-6.53148174e-01
-1.03903711e-02
8.34286332e-01
1.67318225e+00
2.33096147e+00
2.77206206e+00
3.07905102e+00
3.34584737e+00
3.63590813e+00
3.98253155e+00
4.39523125e+00
4.86700726e+00
5.38454914e+00
5.93494081e+00
6.50944328e+00
-1.14494359e+00
-1.14502513e+00
-1.14520204e+00
-1.14567280e+00
-1.14721060e+00
-1.15086257e+00
-1.15907180e+00
-1.16888380e+00
-1.15717459e+00
-1.07220757e+00
-8.19650352e-01
-2.82614708e-01
5.46298265e-01
1.53323162e+00
2.52341413e+00
3.37526870e+00
3.99395967e+00
4.40461445e+00
4.70884752e+00
4.99607182e+00
5.32110071e+00
5.70834875e+00
6.16021204e+00
6.66650820e+00
7.21461535e+00
-1.14487195e+00
-1.14489841e+00
-1.14492917e+00
-1.14494371e+00
-1.14486706e+00
-1.14447713e+00
-1.14306796e+00
-1.13854313e+00
-1.12288058e+00
-1.07104731e+00
-9.10376549e-01
-5.09581208e-01
2.10778564e-01
1.16954172e+00
2.23049212e+00
3.29132485e+00
4.25786066e+00
5.02542019e+00
5.55563498e+00
5.92190027e+00
6.22890091e+00
6.55144501e+00
6.92912388e+00
7.37369823e+00
7.88030100e+00
-1.14485931e+00
-1.14487922e+00
-1.14489639e+00
-1.14489329e+00
-1.14480770e+00
-1.14443374e+00
-1.14310193e+00
-1.13869119e+00
-1.12461519e+00
-1.08137822e+00
-9.55833137e-01
-6.43795431e-01
-4.51061986e-02
8.21094751e-01
1.84868145e+00
2.94063044e+00
4.03177595e+00
5.05683708e+00
5.92427015e+00
6.56031656e+00
6.99732447e+00
7.33872414e+00
7.67530298e+00
8.06008625e+00
8.51413155e+00
-1.14469421e+00
-1.14481437e+00
-1.14487016e+00
-1.14488888e+00
-1.14484441e+00
-1.14460313e+00
-1.14371800e+00
-1.14076567e+00
-1.13127434e+00
-1.10157323e+00
-1.01281536e+00
-7.75544703e-01
-2.67205894e-01
5.35095572e-01
1.51704037e+00
2.57544208e+00
3.66965961e+00
4.76684856e+00
5.81755114e+00
6.74167395e+00
7.45465899e+00
7.95570755e+00
8.33787060e+00
8.70136738e+00
9.11063480e+00
-1.13706887e+00
-1.14234042e+00
-1.14413440e+00
-1.14451647e+00
-1.14473712e+00
-1.14468122e+00
-1.14414489e+00
-1.14222312e+00
-1.13595533e+00
-1.11614788e+00
-1.05568850e+00
-8.85334730e-01
-4.83302146e-01
2.30527803e-01
1.18414128e+00
2.24511719e+00
3.33142233e+00
4.41965055e+00
5.50723410e+00
6.56158924e+00
7.51108408e+00
8.26939106e+00
8.81891918e+00
9.24189854e+00
9.64357567e+00
-1.07877290e+00
-1.09315360e+00
-1.11392975e+00
-1.13120925e+00
-1.13995516e+00
-1.14322698e+00
-1.14378667e+00
-1.14295137e+00
-1.13896084e+00
-1.12581062e+00
-1.08492124e+00
-9.65353608e-01
-6.60425663e-01
-5.61239608e-02
8.31610560e-01
1.87781894e+00
2.98164415e+00
4.09057236e+00
5.18214703e+00
6.25580978e+00
7.29893351e+00
8.25010204e+00
9.02671719e+00
9.60696411e+00
1.00693665e+01
-1.06940222e+00
-1.07000923e+00
-1.07199180e+00
-1.07698596e+00
-1.08897984e+00
-1.10881507e+00
-1.12757528e+00
-1.13739336e+00
-1.13893473e+00
-1.13164008e+00
-1.10428369e+00
-1.02154744e+00
-7.96945572e-01
-3.04787368e-01
4.96059597e-01
1.50271833e+00
2.59949851e+00
3.72345734e+00
4.84488392e+00
5.94319630e+00
7.00825882e+00
8.03179359e+00
8.96704006e+00
9.74007416e+00
1.03372841e+01
-1.06912792e+00
-1.06917238e+00
-1.06925392e+00
-1.06947291e+00
-1.07011592e+00
-1.07220423e+00
-1.07741225e+00
-1.08945584e+00
-1.10764098e+00
-1.11991203e+00
-1.11108661e+00
-1.05796385e+00
-8.97599876e-01
-5.11142313e-01
1.88450888e-01
1.13926291e+00
2.21533585e+00
3.33703589e+00
4.46983337e+00
5.59559059e+00
6.69729280e+00
7.75631332e+00
8.75779247e+00
9.66396809e+00
1.04187546e+01
-1.06909525e+00
-1.06911242e+00
-1.06913126e+00
-1.06916153e+00
-1.06920874e+00
-1.06928885e+00
-1.06946313e+00
-1.07012784e+00
-1.07122815e+00
-1.07350409e+00
-1.07393181e+00
-1.05208957e+00
-9.51157451e-01
-6.65410280e-01
-8.02454129e-02
7.95386672e-01
1.83948672e+00
2.95099545e+00
4.08412361e+00
5.21923637e+00
6.34450626e+00
7.44361067e+00
8.49484062e+00
9.47131824e+00
1.03408375e+01
-1.06909084e+00
-1.06910467e+00
-1.06911576e+00
-1.06912911e+00
-1.06914115e+00
-1.06913877e+00
-1.06907570e+00
-1.06879461e+00
-1.06779027e+00
-1.06448460e+00
-1.05419576e+00
-1.02228856e+00
-9.32809055e-01
-7.12512612e-01
-2.53917247e-01
5.03801346e-01
1.48558724e+00
2.57385063e+00
3.70047259e+00
4.83683443e+00
5.97071075e+00
7.09094524e+00
8.18362045e+00
9.21989918e+00
1.01670895e+01
-1.06908786e+00
-1.06910074e+00
-1.06911063e+00
-1.06912255e+00
-1.06913340e+00
-1.06913173e+00
-1.06907940e+00
-1.06885040e+00
-1.06804180e+00
-1.06537652e+00
-1.05684602e+00
-1.03023612e+00
-9.51286554e-01
-7.41912723e-01
-3.03957611e-01
3.74741763e-01
1.23778462e+00
2.24353623e+00
3.33453274e+00
4.45980072e+00
5.59366179e+00
6.72240925e+00
7.83620834e+00
8.91618443e+00
9.93104458e+00
-1.06908524e+00
-1.06909728e+00
-1.06910622e+00
-1.06911731e+00
-1.06912851e+00
-1.06913221e+00
-1.06910145e+00
-1.06894791e+00
-1.06838703e+00
-1.06651580e+00
-1.06048918e+00
-1.04150820e+00
-9.83614028e-01
-8.20383251e-01
-4.35189098e-01
2.44145855e-01
1.12713993e+00
2.07624865e+00
3.06634068e+00
4.12373447e+00
5.23023558e+00
6.35365677e+00
7.47466135e+00
8.57773685e+00
9.64016628e+00
-1.06908286e+00
-1.06909418e+00
-1.06910229e+00
-1.06911254e+00
-1.06912363e+00
-1.06913066e+00
-1.06911516e+00
-1.06901574e+00
-1.06863403e+00
-1.06733882e+00
-1.06313574e+00
-1.04980850e+00
-1.00860703e+00
-8.88368011e-01
-5.82524776e-01
2.04565264e-02
8.98176849e-01
1.91068208e+00
2.93592715e+00
3.93114972e+00
4.94529009e+00
6.01509380e+00
7.11886740e+00
8.22712040e+00
9.31498241e+00
-1.06908083e+00
-1.06909132e+00
-1.06909871e+00
-1.06910813e+00
-1.06911886e+00
-1.06912768e+00
-1.06912196e+00
-1.06905925e+00
-1.06880081e+00
-1.06790483e+00
-1.06497014e+00
-1.05560935e+00
-1.02639222e+00
-9.39071655e-01
-7.04344869e-01
-1.97105229e-01
6.15296781e-01
1.62265277e+00
2.70266366e+00
3.77555180e+00
4.79639435e+00
5.78709364e+00
6.81471539e+00
7.89033842e+00
8.97939968e+00
-1.06907904e+00
-1.06908894e+00
-1.06909537e+00
-1.06910396e+00
-1.06911421e+00
-1.06912386e+00
-1.06912446e+00
-1.06908619e+00
-1.06891239e+00
-1.06829154e+00
-1.06623638e+00
-1.05964148e+00
-1.03890479e+00
-9.75845397e-01
-7.98971951e-01
-3.85207742e-01
3.42550933e-01
1.30932891e+00
2.38881898e+00
3.50066924e+00
4.59799194e+00
5.64250994e+00
6.63212395e+00
7.62489223e+00
8.66228962e+00
-1.06907737e+00
-1.06908667e+00
-1.06909251e+00
-1.06910026e+00
-1.06910968e+00
-1.06911957e+00
-1.06912398e+00
-1.06910229e+00
-1.06898630e+00
-1.06855607e+00
-1.06711233e+00
-1.06245017e+00
-1.04770088e+00
-1.00227106e+00
-8.70647490e-01
-5.41312635e-01
9.37075019e-02
1.00368130e+00
2.06277966e+00
3.17761946e+00
4.30339241e+00
5.41028833e+00
6.47398758e+00
7.46935940e+00
8.43657589e+00
-1.06907582e+00
-1.06908464e+00
-1.06908989e+00
-1.06909680e+00
-1.06910563e+00
-1.06911516e+00
-1.06912184e+00
-1.06911099e+00
-1.06903470e+00
-1.06873655e+00
-1.06771922e+00
-1.06440938e+00
-1.05388224e+00
-1.02114427e+00
-9.23954666e-01
-6.66992128e-01
-1.26657277e-01
7.14405417e-01
1.74251556e+00
2.84883547e+00
3.97927666e+00
5.10760593e+00
6.22060680e+00
7.28808928e+00
8.28270340e+00
-1.06907451e+00
-1.06908286e+00
-1.06908762e+00
-1.06909382e+00
-1.06910169e+00
-1.06911099e+00
-1.06911874e+00
-1.06911516e+00
-1.06906581e+00
-1.06885982e+00
-1.06814122e+00
-1.06578398e+00
-1.05824733e+00
-1.03463459e+00
-9.63246465e-01
-7.66009152e-01
-3.17365915e-01
4.44572210e-01
1.43211412e+00
2.52382874e+00
3.65199065e+00
4.78684950e+00
5.91749144e+00
7.02950764e+00
8.09360695e+00
-1.06907332e+00
-1.06908131e+00
-1.06908548e+00
-1.06909108e+00
-1.06909835e+00
-1.06910694e+00
-1.06911516e+00
-1.06911612e+00
-1.06908548e+00
-1.06894374e+00
-1.06843567e+00
-1.06675160e+00
-1.06133854e+00
-1.04427826e+00
-9.91992354e-01
-8.42485487e-01
-4.78312314e-01
1.97064281e-01
1.13386166e+00
2.20528769e+00
3.32764697e+00
4.46363544e+00
5.60002136e+00
6.73043060e+00
7.83718777e+00
-1.06907225e+00
-1.06907988e+00
-1.06908357e+00
-1.06908870e+00
-1.06909513e+00
-1.06910312e+00
-1.06911147e+00
-1.06911516e+00
-1.06909716e+00
-1.06899989e+00
-1.06863916e+00
-1.06742883e+00
-1.06351614e+00
-1.05112207e+00
-1.01274979e+00
-9.00123179e-01
-6.09661639e-01
-2.35888492e-02
8.52655411e-01
1.89755213e+00
3.01106977e+00
4.14581013e+00
5.28380919e+00
6.42171240e+00
7.54806662e+00
-1.06907129e+00
-1.06907868e+00
-1.06908190e+00
-1.06908643e+00
-1.06909227e+00
-1.06909955e+00
-1.06910765e+00
-1.06911302e+00
-1.06910348e+00
-1.06903744e+00
-1.06878126e+00
-1.06790805e+00
-1.06506741e+00
-1.05602872e+00
-1.02782607e+00
-9.43391681e-01
-7.15251625e-01
-2.17525661e-01
5.88776410e-01
1.59980917e+00
2.70119357e+00
3.83315325e+00
4.97180128e+00
6.11286736e+00
7.24689913e+00
-1.06907046e+00
-1.06907749e+00
-1.06908047e+00
-1.06908453e+00
-1.06908965e+00
-1.06909633e+00
-1.06910396e+00
-1.06911039e+00
-1.06910646e+00
-1.06906223e+00
-1.06888020e+00
-1.06824851e+00
-1.06617832e+00
-1.05956185e+00
-1.03879118e+00
-9.75667059e-01
-7.98644960e-01
-3.84515911e-01
3.44096243e-01
1.31294370e+00
2.39810109e+00
3.52551961e+00
4.66456938e+00
5.80483103e+00
6.93588877e+00
-1.06906974e+00
-1.06907654e+00
-1.06907904e+00
-1.06908262e+00
-1.06908739e+00
-1.06909347e+00
-1.06910062e+00
-1.06910729e+00
-1.06910706e+00
-1.06907821e+00
-1.06894922e+00
-1.06849110e+00
-1.06697690e+00
-1.06211555e+00
-1.04677808e+00
-9.99634206e-01
-8.63512278e-01
-5.25247514e-01
1.20602995e-01
1.03834200e+00
2.10227704e+00
3.22286630e+00
4.36127424e+00
5.50256729e+00
6.63732052e+00
-1.06906903e+00
-1.06907558e+00
-1.06907785e+00
-1.06908107e+00
-1.06908536e+00
-1.06909084e+00
-1.06909752e+00
-1.06910408e+00
-1.06910634e+00
-1.06908822e+00
-1.06899703e+00
-1.06866431e+00
-1.06755304e+00
-1.06396830e+00
-1.05261028e+00
-1.01739347e+00
-9.13384795e-01
-6.41465724e-01
-8.01239982e-02
7.77573824e-01
1.81435192e+00
2.92550135e+00
4.06184912e+00
5.20388031e+00
6.34258366e+00
-1.06906855e+00
-1.06907487e+00
-1.06907678e+00
-1.06907976e+00
-1.06908357e+00
-1.06908834e+00
-1.06909454e+00
-1.06910098e+00
-1.06910479e+00
-1.06909406e+00
-1.06903017e+00
-1.06878817e+00
-1.06797028e+00
-1.06531787e+00
-1.05688167e+00
-1.03054762e+00
-9.51408148e-01
-7.35703766e-01
-2.57147342e-01
5.32330513e-01
1.53508675e+00
2.63365102e+00
3.76639509e+00
4.90846014e+00
6.05005455e+00
-1.06906796e+00
-1.06907403e+00
-1.06907582e+00
-1.06907845e+00
-1.06908190e+00
-1.06908631e+00
-1.06909180e+00
-1.06909800e+00
-1.06910253e+00
-1.06909692e+00
-1.06905258e+00
-1.06887674e+00
-1.06827331e+00
-1.06630456e+00
-1.06001985e+00
-1.04029691e+00
-9.80228603e-01
-8.10918331e-01
-4.10310775e-01
3.04375350e-01
1.26545703e+00
2.34761620e+00
3.47514153e+00
4.61645126e+00
5.75975990e+00
1.00334005e+01
1.06761560e+01
1.12899828e+01
1.18761845e+01
1.24360037e+01
1.29706287e+01
1.34811945e+01
1.39687872e+01
1.44344406e+01
1.48791475e+01
1.53038530e+01
1.57094650e+01
1.60968494e+01
1.64668388e+01
1.68202229e+01
1.71577702e+01
1.74802055e+01
1.77882366e+01
1.80825310e+01
1.83637409e+01
1.86324863e+01
1.90135365e+01
1.93698063e+01
1.97031097e+01
2.00151558e+01
2.03075581e+01
2.05818291e+01
2.08393879e+01
2.10815659e+01
2.13096027e+01
2.15246563e+01
2.18570995e+01
2.21609001e+01
2.24399719e+01
2.26977100e+01
2.29370461e+01
2.31605053e+01
2.33702545e+01
2.35681496e+01
2.37557812e+01
2.39345131e+01
2.41055126e+01
2.42697849e+01
2.44281883e+01
2.45814705e+01
2.47302704e+01
2.48751450e+01
2.50165730e+01
2.51549721e+01
2.52907066e+01
2.54240952e+01
2.55554142e+01
2.56849041e+01
2.58127785e+01
2.59392262e+01
2.60644073e+01
2.61884689e+01
-1.17060490e+01
-1.17027845e+01
-1.16451616e+01
-1.14305611e+01
-1.08202238e+01
-9.63407993e+00
-8.06194592e+00
-6.57121754e+00
-5.55081558e+00
-5.13055801e+00
-4.98491955e+00
-4.88804817e+00
-4.74247265e+00
-4.49300909e+00
-4.12823057e+00
-3.65584278e+00
-3.06272149e+00
-2.36541057e+00
-1.54491413e+00
-7.25250781e-01
1.19753987e-01
1.02789092e+00
2.02451277e+00
3.10032511e+00
4.22344398e+00
-1.15024624e+01
-1.15920095e+01
-1.16154308e+01
-1.15698471e+01
-1.13765421e+01
-1.08029556e+01
-9.64191151e+00
-8.07219124e+00
-6.56797218e+00
-5.49065447e+00
-5.00762606e+00
-4.83349848e+00
-4.72497034e+00
-4.57815933e+00
-4.33561182e+00
-3.97568893e+00
-3.49798822e+00
-2.91434503e+00
-2.18317866e+00
-1.42029941e+00
-6.35378420e-01
1.78408116e-01
1.06085539e+00
2.03837299e+00
3.10639286e+00
-1.11278858e+01
-1.13201332e+01
-1.14511423e+01
-1.15100355e+01
-1.14848728e+01
-1.13065710e+01
-1.07537069e+01
-9.60133362e+00
-8.02485466e+00
-6.51070261e+00
-5.40356207e+00
-4.87491560e+00
-4.66874790e+00
-4.53499317e+00
-4.36777306e+00
-4.11515665e+00
-3.75230360e+00
-3.28956223e+00
-2.68253756e+00
-2.00784063e+00
-1.28670776e+00
-5.28324485e-01
2.66139030e-01
1.12442660e+00
2.08382154e+00
-1.06816254e+01
-1.09097996e+01
-1.11233053e+01
-1.12894573e+01
-1.13832808e+01
-1.13826723e+01
-1.12128353e+01
-1.06566525e+01
-9.48856735e+00
-7.90065384e+00
-6.38292217e+00
-5.27247381e+00
-4.71918154e+00
-4.47734547e+00
-4.30080938e+00
-4.09097767e+00
-3.80802989e+00
-3.44704199e+00
-2.97597957e+00
-2.41800427e+00
-1.80379844e+00
-1.12076950e+00
-3.80971760e-01
3.95121247e-01
1.22305810e+00
-1.02942581e+01
-1.04819489e+01
-1.06992702e+01
-1.09202805e+01
-1.11089029e+01
-1.12330837e+01
-1.12549152e+01
-1.10852318e+01
-1.05012922e+01
-9.29995728e+00
-7.70221806e+00
-6.19283819e+00
-5.09615088e+00
-4.52880573e+00
-4.24064112e+00
-4.00285578e+00
-3.73466325e+00
-3.42422891e+00
-3.05339885e+00
-2.60375381e+00
-2.11925817e+00
-1.55431688e+00
-9.03757572e-01
-1.83763877e-01
5.63354731e-01
-1.00147781e+01
-1.01379709e+01
-1.03001442e+01
-1.04989910e+01
-1.07146263e+01
-1.09137659e+01
-1.10552397e+01
-1.10857925e+01
-1.08947449e+01
-1.02536383e+01
-9.00157356e+00
-7.40362310e+00
-5.92006063e+00
-4.85561752e+00
-4.27786732e+00
-3.93261290e+00
-3.62543964e+00
-3.31196952e+00
-2.98687696e+00
-2.59155321e+00
-2.21322513e+00
-1.77032149e+00
-1.23577619e+00
-6.11647308e-01
8.07020441e-02
-9.84089756e+00
-9.89720821e+00
-9.99534607e+00
-1.01319923e+01
-1.03073835e+01
-1.05074120e+01
-1.06998005e+01
-1.08349180e+01
-1.08457928e+01
-1.05998220e+01
-9.87521648e+00
-8.57599449e+00
-6.99408245e+00
-5.55783272e+00
-4.54068995e+00
-3.95195127e+00
-3.54652214e+00
-3.18705463e+00
-2.85230827e+00
-2.47481656e+00
-2.14525747e+00
-1.78728282e+00
-1.35128427e+00
-8.24951768e-01
-2.17333451e-01
-9.77807426e+00
-9.76888466e+00
-9.79311180e+00
-9.86160564e+00
-9.97066402e+00
-1.01166859e+01
-1.02876081e+01
-1.04477625e+01
-1.05416002e+01
-1.04883623e+01
-1.01518707e+01
-9.34152699e+00
-8.02241516e+00
-6.48090219e+00
-5.10738754e+00
-4.14291096e+00
-3.54115462e+00
-3.09442973e+00
-2.71792626e+00
-2.32446647e+00
-1.99816155e+00
-1.66899145e+00
-1.28695083e+00
-8.24118435e-01
-2.84404814e-01
-9.77056313e+00
-9.73858738e+00
-9.70970440e+00
-9.70291901e+00
-9.73641968e+00
-9.81137657e+00
-9.91783524e+00
-1.00370359e+01
-1.01277533e+01
-1.01312876e+01
-9.96373558e+00
-9.51273727e+00
-8.63933182e+00
-7.34939003e+00
-5.87681437e+00
-4.57918787e+00
-3.66797519e+00
-3.06558108e+00
-2.61322832e+00
-2.17821550e+00
-1.82614052e+00
-1.48378992e+00
-1.10405982e+00
-6.56882107e-01
-1.42854661e-01
-9.75329113e+00
-9.73523331e+00
-9.70123196e+00
-9.65864277e+00
-9.62374496e+00
-9.61787319e+00
-9.64679146e+00
-9.69316769e+00
-9.72461319e+00
-9.69897556e+00
-9.56088543e+00
-9.24949646e+00
-8.68499565e+00
-7.79273081e+00
-6.57195854e+00
-5.19592762e+00
-3.98784709e+00
-3.13780475e+00
-2.56005263e+00
-2.05752277e+00
-1.65647185e+00
-1.27404237e+00
-8.63527536e-01
-3.94531727e-01
1.31693348e-01
-9.66865540e+00
-9.69896221e+00
-9.69244194e+00
-9.66096783e+00
-9.60985661e+00
-9.54973888e+00
-9.49881172e+00
-9.46187019e+00
-9.41244411e+00
-9.30946064e+00
-9.12362194e+00
-8.81657410e+00
-8.35602856e+00
-7.71738148e+00
-6.84380817e+00
-5.71207857e+00
-4.44925308e+00
-3.35175967e+00
-2.57818437e+00
-1.97603834e+00
-1.50364840e+00
-1.06156456e+00
-6.00219369e-01
-9.16274711e-02
4.64211136e-01
-9.38446140e+00
-9.54587746e+00
-9.62276840e+00
-9.63824368e+00
-9.61374950e+00
-9.55706692e+00
-9.47157097e+00
-9.36322308e+00
-9.22761726e+00
-9.03444386e+00
-8.75921249e+00
-8.38734722e+00
-7.91559410e+00
-7.34683609e+00
-6.67072487e+00
-5.83551121e+00
-4.79780054e+00
-3.66052794e+00
-2.69215131e+00
-1.94294119e+00
-1.37444782e+00
-8.56299460e-01
-3.31087500e-01
2.26371869e-01
8.15792024e-01
-8.84103870e+00
-9.14365864e+00
-9.37362289e+00
-9.51261139e+00
-9.56558514e+00
-9.55441570e+00
-9.49160767e+00
-9.37211609e+00
-9.18109035e+00
-8.90212917e+00
-8.52666187e+00
-8.05604267e+00
-7.50976944e+00
-6.91660690e+00
-6.28673077e+00
-5.59778214e+00
-4.79770708e+00
-3.84671903e+00
-2.84678268e+00
-1.95672178e+00
-1.26921129e+00
-6.63216054e-01
-6.74515814e-02
5.43082356e-01
1.16609621e+00
-8.12812519e+00
-8.51986599e+00
-8.86779499e+00
-9.15541935e+00
-9.35939026e+00
-9.46370792e+00
-9.47407913e+00
-9.39905357e+00
-9.22152519e+00
-8.90632343e+00
-8.44426823e+00
-7.86684179e+00
-7.21676111e+00
-6.54570818e+00
-5.88195086e+00
-5.21787882e+00
-4.52187777e+00
-3.75001526e+00
-2.88490129e+00
-1.97270966e+00
-1.17779291e+00
-4.80521858e-01
1.85633034e-01
8.48180711e-01
1.50460911e+00
-7.31805420e+00
-7.77400970e+00
-8.19558811e+00
-8.57797623e+00
-8.90902328e+00
-9.16666222e+00
-9.32290077e+00
-9.35614395e+00
-9.25074959e+00
-8.97227764e+00
-8.48776436e+00
-7.82743502e+00
-7.07057571e+00
-6.29526711e+00
-5.55050468e+00
-4.84595680e+00
-4.16038179e+00
-3.45990276e+00
-2.71871519e+00
-1.89357567e+00
-1.06751788e+00
-3.01458836e-01
4.24248725e-01
1.13273418e+00
1.82043409e+00
-6.45292616e+00
-6.95675898e+00
-7.43302011e+00
-7.87740326e+00
-8.28550720e+00
-8.64723587e+00
-8.94174194e+00
-9.13295174e+00
-9.17065716e+00
-8.99736023e+00
-8.56803608e+00
-7.89373636e+00
-7.06006002e+00
-6.18211889e+00
-5.33530664e+00
-4.54977274e+00
-3.82192206e+00
-3.12342477e+00
-2.42767620e+00
-1.68038785e+00
-8.94838691e-01
-1.11162640e-01
6.51127338e-01
1.39377272e+00
2.10869932e+00
-5.56770372e+00
-6.10278273e+00
-6.61855793e+00
-7.10953999e+00
-7.57096243e+00
-7.99678707e+00
-8.37636471e+00
-8.68523312e+00
-8.87513161e+00
-8.86694145e+00
-8.57404804e+00
-7.97233629e+00
-7.13332939e+00
-6.18763685e+00
-5.24541998e+00
-4.36355925e+00
-3.55936527e+00
-2.83103204e+00
-2.11282921e+00
-1.39431334e+00
-6.51236892e-01
1.09750681e-01
8.75566721e-01
1.63431466e+00
2.36916518e+00
-4.69461679e+00
-5.24761438e+00
-5.78860331e+00
-6.31229210e+00
-6.81324911e+00
-7.28508711e+00
-7.71914577e+00
-8.09806538e+00
-8.38481808e+00
-8.50966454e+00
-8.38164330e+00
-7.93547297e+00
-7.18941021e+00
-6.25247574e+00
-5.25466633e+00
-4.28839493e+00
-3.39770699e+00
-2.59313154e+00
-1.83168983e+00
-1.10353327e+00
-3.76565337e-01
3.59054059e-01
1.10690677e+00
1.86185145e+00
2.60489440e+00
-3.84233165e+00
-4.40370369e+00
-4.95907068e+00
-5.50365210e+00
-6.03233576e+00
-6.53844357e+00
-7.01303625e+00
-7.43998289e+00
-7.78632975e+00
-7.99025536e+00
-7.97126579e+00
-7.67392826e+00
-7.09264708e+00
-6.27241182e+00
-5.30382729e+00
-4.29560852e+00
-3.33144617e+00
-2.44347906e+00
-1.61430347e+00
-8.45472515e-01
-1.07444800e-01
6.19016767e-01
1.34856725e+00
2.08663249e+00
2.82446718e+00
-3.03117943e+00
-3.58937740e+00
-4.15026760e+00
-4.70642805e+00
-5.25246096e+00
-5.78218317e+00
-6.28667498e+00
-6.74980927e+00
-7.13944101e+00
-7.39478064e+00
-7.43788147e+00
-7.22581005e+00
-6.77256918e+00
-6.11455679e+00
-5.28078079e+00
-4.32300043e+00
-3.33081317e+00
-2.37650204e+00
-1.47559130e+00
-6.45403385e-01
1.29538909e-01
8.67151439e-01
1.59014952e+00
2.31142902e+00
3.03523421e+00
-2.28829241e+00
-2.81483531e+00
-3.36765599e+00
-3.92639446e+00
-4.48151159e+00
-5.02565718e+00
-5.55045414e+00
-6.04034567e+00
-6.46382189e+00
-6.76005030e+00
-6.84780788e+00
-6.68479156e+00
-6.30128288e+00
-5.75308228e+00
-5.07025146e+00
-4.25561094e+00
-3.33012533e+00
-2.36079025e+00
-1.40752006e+00
-5.12367666e-01
3.17842901e-01
1.08750105e+00
1.81995177e+00
2.53407669e+00
3.24312401e+00
-1.51235092e+00
-1.84129274e+00
-2.29924679e+00
-2.82370853e+00
-3.37146139e+00
-3.92087340e+00
-4.45925140e+00
-4.97105837e+00
-5.42749596e+00
-5.77066469e+00
-5.91637468e+00
-5.81136513e+00
-5.48775148e+00
-5.01976490e+00
-4.46026325e+00
-3.82663536e+00
-3.10262299e+00
-2.27312374e+00
-1.35668576e+00
-4.16774064e-01
4.92512763e-01
1.33650982e+00
2.11441803e+00
2.84277582e+00
3.54301071e+00
-1.26970387e+00
-1.35276282e+00
-1.54817116e+00
-1.89512217e+00
-2.35875511e+00
-2.87534213e+00
-3.40240407e+00
-3.91338277e+00
-4.37854147e+00
-4.74582100e+00
-4.93734837e+00
-4.89125776e+00
-4.62412262e+00
-4.20874214e+00
-3.70812893e+00
-3.15357113e+00
-2.55028558e+00
-1.88582289e+00
-1.13844907e+00
-2.99869329e-01
5.99133074e-01
1.49326932e+00
2.33381891e+00
3.10450768e+00
3.82058191e+00
-1.23184729e+00
-1.24456453e+00
-1.28214741e+00
-1.38394427e+00
-1.60774446e+00
-1.97162402e+00
-2.42279649e+00
-2.89562941e+00
-3.33929372e+00
-3.70139909e+00
-3.91576433e+00
-3.92335391e+00
-3.72114897e+00
-3.36374640e+00
-2.91244483e+00
-2.40635443e+00
-1.86230326e+00
-1.28142548e+00
-6.54020607e-01
3.77312936e-02
8.09545159e-01
1.64791512e+00
2.50232673e+00
3.31435776e+00
4.06381321e+00
-1.22666895e+00
-1.22857356e+00
-1.23380160e+00
-1.24978161e+00
-1.29652369e+00
-1.41591096e+00
-1.65214276e+00
-1.98965979e+00
-2.35445714e+00
-2.67034435e+00
-2.87343192e+00
-2.91329956e+00
-2.77439857e+00
-2.48568630e+00
-2.09362221e+00
-1.63617742e+00
-1.13640308e+00
-6.04107559e-01
-4.02083285e-02
5.63551366e-01
1.22039843e+00
1.94359922e+00
2.72377539e+00
3.51850152e+00
4.28439569e+00
-1.22588742e+00
-1.22604644e+00
-1.22662282e+00
-1.22756445e+00
-1.23047447e+00
-1.24041641e+00
-1.27425504e+00
-1.36766243e+00
-1.53511775e+00
-1.72357464e+00
-1.85867012e+00
-1.88758671e+00
-1.78781939e+00
-1.56529963e+00
-1.24262118e+00
-8.45161378e-01
-3.94149184e-01
9.49642882e-02
6.15411758e-01
1.16585445e+00
1.75369072e+00
2.38940644e+00
3.07865953e+00
3.80422783e+00
4.53926039e+00
-1.22526240e+00
-1.22556400e+00
-1.22540402e+00
-1.22439647e+00
-1.22124052e+00
-1.21101308e+00
-1.18448186e+00
-1.13260293e+00
-1.06567657e+00
-1.01147342e+00
-9.71127152e-01
-9.09551680e-01
-7.94499278e-01
-6.10079944e-01
-3.50989729e-01
-2.05986369e-02
3.71007740e-01
8.10899317e-01
1.28877401e+00
1.79639447e+00
2.33582211e+00
2.91306210e+00
3.53528953e+00
4.19355774e+00
4.87549925e+00
-1.21847820e+00
-1.22347105e+00
-1.22487295e+00
-1.22418618e+00
-1.22102201e+00
-1.21086740e+00
-1.18027341e+00
-1.10259700e+00
-9.44125354e-01
-6.92014098e-01
-3.89109343e-01
-1.11024752e-01
1.18309736e-01
3.29332799e-01
5.59607387e-01
8.33500266e-01
1.16243494e+00
1.54518616e+00
1.97311008e+00
2.43909740e+00
2.93654442e+00
3.46822834e+00
4.03995228e+00
4.64631557e+00
5.27966499e+00
-1.18127012e+00
-1.20332682e+00
-1.21687305e+00
-1.22198164e+00
-1.22154295e+00
-1.21399152e+00
-1.19012737e+00
-1.12275720e+00
-9.64572966e-01
-6.63970947e-01
-2.02297539e-01
3.42508107e-01
8.18555117e-01
1.16876292e+00
1.44093633e+00
1.69756091e+00
1.97936988e+00
2.30528855e+00
2.67955613e+00
3.09836912e+00
3.55301595e+00
4.04230404e+00
4.56964731e+00
5.13180065e+00
5.72439337e+00
-1.15009201e+00
-1.16071177e+00
-1.18019128e+00
-1.20176816e+00
-1.21420813e+00
-1.21458578e+00
-1.19885433e+00
-1.14738011e+00
-1.01436985e+00
-7.35269129e-01
-2.55199373e-01
4.21704859e-01
1.16002953e+00
1.77277768e+00
2.20225668e+00
2.51642442e+00
2.79316401e+00
3.08218932e+00
3.40727663e+00
3.77569199e+00
4.18601131e+00
4.63131857e+00
5.11479807e+00
5.63408852e+00
6.18995810e+00
-1.14466405e+00
-1.14638591e+00
-1.15073442e+00
-1.16150570e+00
-1.18045795e+00
-1.19809413e+00
-1.19860840e+00
-1.16539145e+00
-1.06170619e+00
-8.22426558e-01
-3.79579961e-01
3.02975953e-01
1.16452086e+00
2.03023314e+00
2.72478795e+00
3.20739746e+00
3.55393219e+00
3.84902763e+00
4.14687395e+00
4.47315216e+00
4.83750963e+00
5.23768425e+00
5.67341280e+00
6.15215540e+00
6.66606665e+00
-1.14393795e+00
-1.14400637e+00
-1.14414191e+00
-1.14448202e+00
-1.14560068e+00
-1.14788795e+00
-1.15184104e+00
-1.14889479e+00
-1.10245633e+00
-9.43128467e-01
-5.92058122e-01
7.85947032e-03
8.59628916e-01
1.87204754e+00
2.90154862e+00
3.80706358e+00
4.49115515e+00
4.96784449e+00
5.32429409e+00
5.63557529e+00
5.94696283e+00
6.27797365e+00
6.63331032e+00
7.03640556e+00
7.47484970e+00
-1.14386213e+00
-1.14388144e+00
-1.14388990e+00
-1.14383388e+00
-1.14353275e+00
-1.14240837e+00
-1.13865626e+00
-1.12690639e+00
-1.09026694e+00
-9.86700416e-01
-7.37257600e-01
-2.54845291e-01
5.01352131e-01
1.48439682e+00
2.58154583e+00
3.69496274e+00
4.73658133e+00
5.59822178e+00
6.22177267e+00
6.66039658e+00
6.99896383e+00
7.29946041e+00
7.60386801e+00
7.92720175e+00
8.25830841e+00
-1.14385653e+00
-1.14387262e+00
-1.14387751e+00
-1.14383554e+00
-1.14362621e+00
-1.14285564e+00
-1.14022374e+00
-1.13175344e+00
-1.10546649e+00
-1.02910626e+00
-8.34358215e-01
-4.35967147e-01
2.15062320e-01
1.10841346e+00
2.16905499e+00
3.30867696e+00
4.46985722e+00
5.59332943e+00
6.57757282e+00
7.32280636e+00
7.83349752e+00
8.20510387e+00
8.50118542e+00
8.73746777e+00
9.09466362e+00
-1.14369106e+00
-1.14380884e+00
-1.14385784e+00
-1.14385486e+00
-1.14374113e+00
-1.14328253e+00
-1.14167964e+00
-1.13642728e+00
-1.11984587e+00
-1.06982911e+00
-9.32571769e-01
-6.17516577e-01
-4.46780138e-02
7.90257573e-01
1.80347669e+00
2.90653682e+00
4.06482744e+00
5.25260162e+00
6.41783857e+00
7.46873808e+00
8.29319954e+00
8.85129166e+00
9.24073696e+00
9.54720497e+00
9.84034729e+00
-1.13606560e+00
-1.14133525e+00
-1.14312589e+00
-1.14349532e+00
-1.14367723e+00
-1.14349937e+00
-1.14256740e+00
-1.13934553e+00
-1.12900352e+00
-1.09700632e+00
-1.00447321e+00
-7.71831274e-01
-3.00736189e-01
4.53043580e-01
1.43544281e+00
2.53606486e+00
3.68273473e+00
4.85679054e+00
6.04885864e+00
7.22274733e+00
8.29459095e+00
9.14379787e+00
9.70945358e+00
1.01518087e+01
1.04907770e+01
-1.07776475e+00
-1.09214425e+00
-1.11291802e+00
-1.13018942e+00
-1.13891351e+00
-1.14211631e+00
-1.14245176e+00
-1.14087236e+00
-1.13452172e+00
-1.11417043e+00
-1.05312669e+00
-8.88392627e-01
-5.18655062e-01
1.34277031e-01
1.05156302e+00
2.13122892e+00
3.28646040e+00
4.47478676e+00
5.66698408e+00
6.84936380e+00
8.00810814e+00
9.05947971e+00
9.89380169e+00
1.05212154e+01
1.09861746e+01
-1.06840169e+00
-1.06900764e+00
-1.07098925e+00
-1.07597899e+00
-1.08795929e+00
-1.10775292e+00
-1.12636828e+00
-1.13573778e+00
-1.13588214e+00
-1.12428987e+00
-1.08446825e+00
-9.71061170e-01
-6.93371832e-01
-1.49696350e-01
6.84671283e-01
1.72290313e+00
2.86293292e+00
4.05485725e+00
5.26821661e+00
6.46758938e+00
7.64245605e+00
8.76219368e+00
9.76858330e+00
1.06167831e+01
1.12614870e+01
-1.06812334e+00
-1.06816769e+00
-1.06824827e+00
-1.06846690e+00
-1.06910157e+00
-1.07116210e+00
-1.07623279e+00
-1.08785415e+00
-1.10493052e+00
-1.11432838e+00
-1.09762180e+00
-1.02421236e+00
-8.23770523e-01
-3.89439762e-01
3.44630331e-01
1.32500100e+00
2.44049072e+00
3.62158298e+00
4.83594179e+00
6.05583668e+00
7.25537920e+00
8.40389919e+00
9.47714424e+00
1.04761324e+01
1.13089991e+01
-1.06809032e+00
-1.06810725e+00
-1.06812561e+00
-1.06815445e+00
-1.06819677e+00
-1.06826138e+00
-1.06835866e+00
-1.06871891e+00
-1.06885767e+00
-1.06832445e+00
-1.06160247e+00
-1.02425385e+00
-8.93842757e-01
-5.67954719e-01
4.95361947e-02
9.49975848e-01
2.02726340e+00
3.19154787e+00
4.39895630e+00
5.61945963e+00
6.83139658e+00
8.01025295e+00
9.12616920e+00
1.02080212e+01
1.11698942e+01
-1.06808531e+00
-1.06809902e+00
-1.06810987e+00
-1.06812215e+00
-1.06813121e+00
-1.06811941e+00
-1.06801736e+00
-1.06755066e+00
-1.06592965e+00
-1.06068885e+00
-1.04475760e+00
-9.99240875e-01
-8.85874152e-01
-6.34685636e-01
-1.44245341e-01
6.38030350e-01
1.64532936e+00
2.77632976e+00
3.96909380e+00
5.18379116e+00
6.40099192e+00
7.58451748e+00
8.73206806e+00
9.87785625e+00
1.09175863e+01
-1.06808102e+00
-1.06809378e+00
-1.06810343e+00
-1.06811464e+00
-1.06812334e+00
-1.06811535e+00
-1.06804156e+00
-1.06770396e+00
-1.06650531e+00
-1.06259692e+00
-1.05030870e+00
-1.01379156e+00
-9.15951252e-01
-6.86207592e-01
-2.34938368e-01
4.65654880e-01
1.36851656e+00
2.42119551e+00
3.56985116e+00
4.76329184e+00
5.97114754e+00
7.15138674e+00
8.31150436e+00
9.49930859e+00
1.05998812e+01
-1.06795275e+00
-1.06796455e+00
-1.06797242e+00
-1.06798172e+00
-1.06799006e+00
-1.06798685e+00
-1.06793845e+00
-1.06771469e+00
-1.06689167e+00
-1.06420255e+00
-1.05568314e+00
-1.02975881e+00
-9.57127690e-01
-7.76344001e-01
-3.87176037e-01
2.86394566e-01
1.18747365e+00
2.19362569e+00
3.26573610e+00
4.40263605e+00
5.57328081e+00
6.75318193e+00
7.88902235e+00
9.09721375e+00
1.02450476e+01
-1.06638873e+00
-1.06639993e+00
-1.06640720e+00
-1.06641459e+00
-1.06641912e+00
-1.06640995e+00
-1.06636369e+00
-1.06619930e+00
-1.06561637e+00
-1.06372857e+00
-1.05778074e+00
-1.03957939e+00
-9.87119257e-01
-8.51000607e-01
-5.41126311e-01
4.51930910e-02
9.14729416e-01
1.95382392e+00
3.04465342e+00
4.14685154e+00
5.26328611e+00
6.39641666e+00
7.53335381e+00
8.69368076e+00
9.85888386e+00
-1.05682766e+00
-1.05683851e+00
-1.05684543e+00
-1.05685329e+00
-1.05685890e+00
-1.05685401e+00
-1.05681026e+00
-1.05665600e+00
-1.05618680e+00
-1.05479431e+00
-1.05057240e+00
-1.03773177e+00
-1.00015259e+00
-8.99505556e-01
-6.59860790e-01
-1.73454970e-01
6.13276482e-01
1.62516558e+00
2.74219561e+00
3.89268446e+00
5.02529478e+00
6.13481140e+00
7.23319626e+00
8.33454227e+00
9.47652054e+00
-1.02223134e+00
-1.02224219e+00
-1.02224839e+00
-1.02225590e+00
-1.02226305e+00
-1.02226365e+00
-1.02223682e+00
-1.02213204e+00
-1.02178383e+00
-1.02073133e+00
-1.01767468e+00
-1.00861216e+00
-9.82132256e-01
-9.09358263e-01
-7.29410052e-01
-3.41172040e-01
3.42441469e-01
1.29059875e+00
2.38791680e+00
3.55330205e+00
4.73448467e+00
5.89539480e+00
7.01378012e+00
8.08365631e+00
9.14623833e+00
-9.35568333e-01
-9.35579658e-01
-9.35584068e-01
-9.35587168e-01
-9.35594082e-01
-9.35598254e-01
-9.35587823e-01
-9.35524106e-01
-9.35285568e-01
-9.34589148e-01
-9.32463109e-01
-9.26240265e-01
-9.08107102e-01
-8.57295096e-01
-7.27291107e-01
-4.31869626e-01
1.33592516e-01
9.88917172e-01
2.03909087e+00
3.18822312e+00
4.37990570e+00
5.58203077e+00
6.76789808e+00
7.88965940e+00
8.92844296e+00
-7.70824373e-01
-7.70844877e-01
-7.70845592e-01
-7.70844102e-01
-7.70850599e-01
-7.70857453e-01
-7.70853698e-01
-7.70821273e-01
-7.70683587e-01
-7.70227373e-01
-7.68847644e-01
-7.64729381e-01
-7.52708673e-01
-7.18799770e-01
-6.28985584e-01
-4.15590912e-01
2.38579903e-02
7.55179763e-01
1.72611606e+00
2.83513761e+00
4.01325655e+00
5.22107267e+00
6.44079447e+00
7.63404751e+00
8.73230553e+00
-5.22564352e-01
-5.22625566e-01
-5.22628784e-01
-5.22630930e-01
-5.22637904e-01
-5.22600412e-01
-5.22599995e-01
-5.22577643e-01
-5.22487700e-01
-5.22216678e-01
-5.21348834e-01
-5.18793702e-01
-5.10980904e-01
-4.88856375e-01
-4.29334402e-01
-2.81585604e-01
4.12318036e-02
6.28211677e-01
1.48199797e+00
2.51871681e+00
3.66083765e+00
4.85487700e+00
6.07788849e+00
7.30333519e+00
8.46840191e+00
-2.13412046e-01
-2.13534772e-01
-2.13537127e-01
-2.13535532e-01
-2.13527173e-01
-2.13506162e-01
-2.13522494e-01
-2.13513181e-01
-2.13394687e-01
-2.13232055e-01
-2.12650836e-01
-2.11013868e-01
-2.05993101e-01
-1.91670746e-01
-1.52594209e-01
-5.31044602e-02
1.75998122e-01
6.23966098e-01
1.33715379e+00
2.26632524e+00
3.34280944e+00
4.50208902e+00
5.71168947e+00
6.93805695e+00
8.13919735e+00
1.15337409e-01
1.15333796e-01
1.15332350e-01
1.15330078e-01
1.15327030e-01
1.15323707e-01
1.15321621e-01
1.15323946e-01
1.15361407e-01
1.15461119e-01
1.15839787e-01
1.16936199e-01
1.20226793e-01
1.29887268e-01
1.56126902e-01
2.23079458e-01
3.83163929e-01
7.16568589e-01
1.29053128e+00
2.09395504e+00
3.07684398e+00
4.17787457e+00
5.35613680e+00
6.56862783e+00
7.78163958e+00
4.22095537e-01
4.22064930e-01
4.22067046e-01
4.22062963e-01
4.22060728e-01
4.21597302e-01
4.21551585e-01
4.21583503e-01
4.21703577e-01
4.21857953e-01
4.22071040e-01
4.23076361e-01
4.25373733e-01
4.32168126e-01
4.50557053e-01
4.97220010e-01
6.10242128e-01
8.56521487e-01
1.31069124e+00
1.98995101e+00
2.86603642e+00
3.89210653e+00
5.01990366e+00
6.20862055e+00
7.41996622e+00
6.69053614e-01
6.69042945e-01
6.69063985e-01
6.69065118e-01
6.69063389e-01
6.69059038e-01
6.69049025e-01
6.68756008e-01
6.68765783e-01
6.68819785e-01
6.69017196e-01
6.69568419e-01
6.71595752e-01
6.76667869e-01
6.90265894e-01
7.24666595e-01
8.07375252e-01
9.92599487e-01
1.35299039e+00
1.92509866e+00
2.69773078e+00
3.63928628e+00
4.70609903e+00
5.85692692e+00
7.05754089e+00
8.44898105e-01
8.44871223e-01
8.44870508e-01
8.44869554e-01
8.44868302e-01
8.44878495e-01
8.44879448e-01
8.44912767e-01
8.44899356e-01
8.44652474e-01
8.44771981e-01
8.45174253e-01
8.46550226e-01
8.50799382e-01
8.61455142e-01
8.88100445e-01
9.51612413e-01
1.09525168e+00
1.38481772e+00
1.87057054e+00
2.55218077e+00
3.41215134e+00
4.42266560e+00
5.53375721e+00
6.71134853e+00
9.53920364e-01
9.53917325e-01
9.53916728e-01
9.53916013e-01
9.53914940e-01
9.53915179e-01
9.53913748e-01
9.53914523e-01
9.53922093e-01
9.53952968e-01
9.54073787e-01
9.54153895e-01
9.55129206e-01
9.58243966e-01
9.67006266e-01
9.88552392e-01
1.03961897e+00
1.15483248e+00
1.39307582e+00
1.80987489e+00
2.41559792e+00
3.20283794e+00
4.15582132e+00
5.21773386e+00
6.37317848e+00
1.01160538e+00
1.01159251e+00
1.01159191e+00
1.01159155e+00
1.01159072e+00
1.01158953e+00
1.01158822e+00
1.01158738e+00
1.01159000e+00
1.01161206e+00
1.01167440e+00
1.01192915e+00
1.01261771e+00
1.01529622e+00
1.02221739e+00
1.04022777e+00
1.08251750e+00
1.17843843e+00
1.37820482e+00
1.74009645e+00
2.28362036e+00
3.00985074e+00
3.90886068e+00
4.92085743e+00
6.04501534e+00
1.03357255e+00
1.03355920e+00
1.03355885e+00
1.03355825e+00
1.03355801e+00
1.03355694e+00
1.03355694e+00
1.03355694e+00
1.03355956e+00
1.03357756e+00
1.03364158e+00
1.03381872e+00
1.03445005e+00
1.03648877e+00
1.04209852e+00
1.05735779e+00
1.09360957e+00
1.17607284e+00
1.34647930e+00
1.66412580e+00
2.15647435e+00
2.83103943e+00
3.68052173e+00
4.64398909e+00
5.72940397e+00
-1.19261370e+01
-1.19468260e+01
-1.18747149e+01
-1.15987091e+01
-1.07982883e+01
-9.23749065e+00
-7.33654499e+00
-5.58564615e+00
-4.41387987e+00
-3.94573593e+00
-3.80586123e+00
-3.75692654e+00
-3.72443318e+00
-3.67695785e+00
-3.58831048e+00
-3.42598915e+00
-3.16399884e+00
-2.83063650e+00
-2.37479591e+00
-1.89673305e+00
-1.29799199e+00
-5.91359019e-01
9.78466123e-02
6.22146666e-01
1.05166471e+00
-1.15786953e+01
-1.17510366e+01
-1.18266478e+01
-1.17804918e+01
-1.15228043e+01
-1.07608976e+01
-9.23015594e+00
-7.33516932e+00
-5.56187296e+00
-4.31201124e+00
-3.77039218e+00
-3.60065031e+00
-3.53762960e+00
-3.49059987e+00
-3.41696954e+00
-3.27994752e+00
-3.05539584e+00
-2.77984452e+00
-2.41332078e+00
-2.09953022e+00
-1.72223866e+00
-1.19250345e+00
-5.37485242e-01
7.39409849e-02
4.55535680e-01
-1.10426722e+01
-1.12992067e+01
-1.15223217e+01
-1.16607370e+01
-1.16580601e+01
-1.14166565e+01
-1.06659756e+01
-9.14247227e+00
-7.25118780e+00
-5.47440624e+00
-4.18488503e+00
-3.59499168e+00
-3.39928460e+00
-3.31801128e+00
-3.24563622e+00
-3.12931228e+00
-2.93690634e+00
-2.69449592e+00
-2.36531472e+00
-2.10510135e+00
-1.85983551e+00
-1.54066300e+00
-1.06892169e+00
-4.86968845e-01
-9.93828848e-03
-1.05241528e+01
-1.07564096e+01
-1.10116911e+01
-1.12606621e+01
-1.14488764e+01
-1.14926796e+01
-1.12618027e+01
-1.04891415e+01
-8.94835663e+00
-7.06493711e+00
-5.30298471e+00
-4.01624680e+00
-3.41119528e+00
-3.19658637e+00
-3.08950281e+00
-2.97576404e+00
-2.80685639e+00
-2.59434867e+00
-2.30507517e+00
-2.05983186e+00
-1.83763945e+00
-1.60798454e+00
-1.30521226e+00
-8.82618666e-01
-4.06581074e-01
-1.01045866e+01
-1.02736559e+01
-1.04828873e+01
-1.07253590e+01
-1.09798384e+01
-1.11955376e+01
-1.12707663e+01
-1.10346336e+01
-1.02135439e+01
-8.65233898e+00
-6.79201603e+00
-5.06487131e+00
-3.81200552e+00
-3.21605730e+00
-2.98320055e+00
-2.83587527e+00
-2.66845679e+00
-2.47467947e+00
-2.21685624e+00
-1.99009907e+00
-1.77185607e+00
-1.54250073e+00
-1.27944183e+00
-9.55740869e-01
-5.73631227e-01
-9.79203320e+00
-9.89790535e+00
-1.00394945e+01
-1.02229328e+01
-1.04457426e+01
-1.06892319e+01
-1.09034233e+01
-1.09694090e+01
-1.06847029e+01
-9.78963852e+00
-8.23137379e+00
-6.42290545e+00
-4.75550413e+00
-3.56725383e+00
-2.99638081e+00
-2.73754573e+00
-2.53842020e+00
-2.33886337e+00
-2.09124231e+00
-1.87444127e+00
-1.66639555e+00
-1.43070340e+00
-1.14562786e+00
-8.11224103e-01
-4.42174464e-01
-9.57212734e+00
-9.61427307e+00
-9.69899464e+00
-9.81709194e+00
-9.97508717e+00
-1.01714602e+01
-1.03852215e+01
-1.05550117e+01
-1.05418024e+01
-1.01459045e+01
-9.17685318e+00
-7.67676878e+00
-5.95977831e+00
-4.38149118e+00
-3.28392148e+00
-2.74150634e+00
-2.44618392e+00
-2.20647120e+00
-1.94687176e+00
-1.72175443e+00
-1.51037693e+00
-1.27146530e+00
-9.67369676e-01
-5.98571837e-01
-1.87734902e-01
-9.47518253e+00
-9.43547821e+00
-9.44263935e+00
-9.50124168e+00
-9.59784698e+00
-9.72868729e+00
-9.88766193e+00
-1.00380001e+01
-1.00949926e+01
-9.91835785e+00
-9.37116623e+00
-8.37817764e+00
-6.99235678e+00
-5.40763664e+00
-3.94735837e+00
-2.95327997e+00
-2.43087721e+00
-2.10621452e+00
-1.80417407e+00
-1.54976916e+00
-1.31498337e+00
-1.05845642e+00
-7.39331186e-01
-3.48414510e-01
9.50074792e-02
-9.47309017e+00
-9.37842274e+00
-9.30620384e+00
-9.27687645e+00
-9.30283165e+00
-9.37318611e+00
-9.46791935e+00
-9.56233120e+00
-9.59047890e+00
-9.45304585e+00
-9.06524849e+00
-8.39713001e+00
-7.43977785e+00
-6.19606543e+00
-4.76805878e+00
-3.45067286e+00
-2.56325150e+00
-2.06175065e+00
-1.68221307e+00
-1.37619388e+00
-1.09550774e+00
-8.02898765e-01
-4.60962862e-01
-4.96995337e-02
4.16875303e-01
-9.49093819e+00
-9.39151287e+00
-9.27938080e+00
-9.17834282e+00
-9.11330700e+00
-9.10074806e+00
-9.13050461e+00
-9.16169643e+00
-9.13464546e+00
-8.96510029e+00
-8.59479332e+00
-8.03426743e+00
-7.31564760e+00
-6.42154121e+00
-5.31591177e+00
-4.05056238e+00
-2.88969874e+00
-2.10974145e+00
-1.59424961e+00
-1.21043551e+00
-8.65539014e-01
-5.21221340e-01
-1.45252913e-01
2.89894909e-01
7.81826556e-01
-9.42074966e+00
-9.38587093e+00
-9.29141998e+00
-9.16796207e+00
-9.04318333e+00
-8.94352722e+00
-8.88333607e+00
-8.84239006e+00
-8.75155163e+00
-8.52507210e+00
-8.11904144e+00
-7.56394386e+00
-6.91781616e+00
-6.19790030e+00
-5.36873388e+00
-4.38020039e+00
-3.26765251e+00
-2.26937914e+00
-1.55716228e+00
-1.06026828e+00
-6.33217573e-01
-2.26342902e-01
1.92688167e-01
6.55161202e-01
1.17094457e+00
-9.09210396e+00
-9.22361469e+00
-9.24022484e+00
-9.16444969e+00
-9.03611183e+00
-8.89058113e+00
-8.75280952e+00
-8.62200356e+00
-8.45301628e+00
-8.15854740e+00
-7.68703127e+00
-7.08736086e+00
-6.43763447e+00
-5.77160597e+00
-5.07525587e+00
-4.30557013e+00
-3.41338706e+00
-2.43946719e+00
-1.56856680e+00
-9.26666677e-01
-4.02313501e-01
7.18780234e-02
5.39363146e-01
1.03302133e+00
1.56997418e+00
-8.46821690e+00
-8.75325871e+00
-8.95479012e+00
-9.03719139e+00
-8.99713993e+00
-8.87214947e+00
-8.70494843e+00
-8.51109600e+00
-8.26021290e+00
-7.88448143e+00
-7.33630753e+00
-6.66122198e+00
-5.95876265e+00
-5.28254223e+00
-4.62970877e+00
-3.96598768e+00
-3.24360251e+00
-2.42795038e+00
-1.56152606e+00
-8.02245438e-01
-1.73707426e-01
3.67093116e-01
8.84013116e-01
1.41034913e+00
1.96671259e+00
-7.69576931e+00
-8.04873848e+00
-8.36642647e+00
-8.61861420e+00
-8.76389217e+00
-8.77219105e+00
-8.65890598e+00
-8.45927715e+00
-8.16571522e+00
-7.72174692e+00
-7.09117270e+00
-6.33115864e+00
-5.54634428e+00
-4.81192064e+00
-4.14507818e+00
-3.51870847e+00
-2.88461113e+00
-2.19428611e+00
-1.42847240e+00
-6.52646363e-01
5.57313375e-02
6.59782588e-01
1.22126234e+00
1.77894139e+00
2.35279179e+00
-6.89147282e+00
-7.26990271e+00
-7.62641525e+00
-7.95560932e+00
-8.23340034e+00
-8.41958046e+00
-8.47021294e+00
-8.36545086e+00
-8.10113525e+00
-7.64325905e+00
-6.96223259e+00
-6.12514925e+00
-5.25571871e+00
-4.43797684e+00
-3.70978737e+00
-3.06561947e+00
-2.46208310e+00
-1.84328461e+00
-1.16406512e+00
-4.34512585e-01
2.96868861e-01
9.48930502e-01
1.54595125e+00
2.12960362e+00
2.71768212e+00
-6.09329462e+00
-6.49222612e+00
-6.86380911e+00
-7.21153307e+00
-7.53372669e+00
-7.81198645e+00
-8.00889015e+00
-8.07261562e+00
-7.94443798e+00
-7.56279469e+00
-6.90431786e+00
-6.04089785e+00
-5.10751390e+00
-4.21000004e+00
-3.39859676e+00
-2.69019580e+00
-2.06347728e+00
-1.46560061e+00
-8.38547230e-01
-1.56450361e-01
5.61654329e-01
1.23651612e+00
1.85643125e+00
2.45756865e+00
3.05530238e+00
-5.30327511e+00
-5.73038483e+00
-6.12158585e+00
-6.47979879e+00
-6.80847406e+00
-7.10656691e+00
-7.35992718e+00
-7.53110313e+00
-7.55601597e+00
-7.33954430e+00
-6.81099224e+00
-6.01546621e+00
-5.08664083e+00
-4.14108276e+00
-3.25245214e+00
-2.45786667e+00
-1.76183498e+00
-1.13386285e+00
-5.10992467e-01
1.43418461e-01
8.45361710e-01
1.52589440e+00
2.15405130e+00
2.76226258e+00
3.36372304e+00
-4.51754665e+00
-4.97967625e+00
-5.40235233e+00
-5.78250790e+00
-6.12144899e+00
-6.42055845e+00
-6.67774200e+00
-6.87728357e+00
-6.97543669e+00
-6.89074135e+00
-6.54113817e+00
-5.91904783e+00
-5.10314751e+00
-4.19138908e+00
-3.26653147e+00
-2.39342332e+00
-1.60509217e+00
-8.99126887e-01
-2.34901711e-01
4.27662283e-01
1.12508357e+00
1.80846524e+00
2.44002867e+00
3.04499841e+00
3.64332724e+00
-3.72919846e+00
-4.22405767e+00
-4.68391418e+00
-5.09978533e+00
-5.46587324e+00
-5.77905798e+00
-6.03755474e+00
-6.23444843e+00
-6.34514427e+00
-6.31495714e+00
-6.08300972e+00
-5.64020586e+00
-5.01894999e+00
-4.25076580e+00
-3.37957621e+00
-2.47604585e+00
-1.60453415e+00
-7.96847939e-01
-4.95329984e-02
6.59412384e-01
1.37488425e+00
2.07203126e+00
2.71119070e+00
3.30887890e+00
3.89750934e+00
-2.95867348e+00
-3.47116017e+00
-3.96210074e+00
-4.41627693e+00
-4.82178688e+00
-5.16817188e+00
-5.44700766e+00
-5.65034819e+00
-5.76127005e+00
-5.74585485e+00
-5.56858635e+00
-5.23402309e+00
-4.77096558e+00
-4.18540049e+00
-3.46443892e+00
-2.62397981e+00
-1.72406483e+00
-8.28652799e-01
2.20599268e-02
8.13363731e-01
1.57401371e+00
2.29941130e+00
2.95709014e+00
3.55200958e+00
4.12891197e+00
-2.24116230e+00
-2.73626280e+00
-3.23939204e+00
-3.72230434e+00
-4.16623640e+00
-4.55512571e+00
-4.87352228e+00
-5.10590458e+00
-5.23405838e+00
-5.23421955e+00
-5.09000826e+00
-4.81681538e+00
-4.44527149e+00
-3.98447824e+00
-3.41692638e+00
-2.71636248e+00
-1.88149595e+00
-9.59567130e-01
-2.15816833e-02
8.70302856e-01
1.70686567e+00
2.47933817e+00
3.16899562e+00
3.77147698e+00
4.34134626e+00
-1.48388135e+00
-1.79601967e+00
-2.22351360e+00
-2.69827271e+00
-3.16998887e+00
-3.60784578e+00
-3.98901558e+00
-4.28956127e+00
-4.48223686e+00
-4.53935480e+00
-4.45068598e+00
-4.23797941e+00
-3.93691182e+00
-3.56760073e+00
-3.12723088e+00
-2.59912729e+00
-1.94885910e+00
-1.15079308e+00
-2.16671914e-01
7.76198745e-01
1.74614000e+00
2.63191390e+00
3.40455341e+00
4.04530621e+00
4.62055397e+00
-1.24715519e+00
-1.32029378e+00
-1.49833572e+00
-1.81220806e+00
-2.21922803e+00
-2.65014172e+00
-3.05762219e+00
-3.40977430e+00
-3.67410398e+00
-3.81326032e+00
-3.80123878e+00
-3.64660501e+00
-3.38687992e+00
-3.05729961e+00
-2.67319274e+00
-2.22916126e+00
-1.70532453e+00
-1.07187986e+00
-2.97643274e-01
6.23213112e-01
1.63350236e+00
2.62837553e+00
3.52123260e+00
4.24152136e+00
4.84874105e+00
-1.21819818e+00
-1.21998477e+00
-1.24336278e+00
-1.32299137e+00
-1.50531292e+00
-1.79721963e+00
-2.14559674e+00
-2.49215198e+00
-2.79079962e+00
-2.99377275e+00
-3.05699229e+00
-2.96503639e+00
-2.74529624e+00
-2.44300747e+00
-2.08985043e+00
-1.69374728e+00
-1.24408758e+00
-7.18694746e-01
-8.97773877e-02
6.70145094e-01
1.56448233e+00
2.54733920e+00
3.52283382e+00
4.34033728e+00
5.01145506e+00
-1.22254181e+00
-1.21735072e+00
-1.20886409e+00
-1.20383418e+00
-1.21807969e+00
-1.27993858e+00
-1.42246091e+00
-1.64421678e+00
-1.89524627e+00
-2.10618496e+00
-2.21184850e+00
-2.17378998e+00
-1.99923408e+00
-1.72961593e+00
-1.40505886e+00
-1.04501295e+00
-6.47841573e-01
-1.97517619e-01
3.29350829e-01
9.59751606e-01
1.70542121e+00
2.56975627e+00
3.51098132e+00
4.37320900e+00
5.11082506e+00
-1.22499955e+00
-1.22298956e+00
-1.21721613e+00
-1.20300913e+00
-1.17695081e+00
-1.13821483e+00
-1.09147012e+00
-1.07256222e+00
-1.13104260e+00
-1.23986435e+00
-1.31555367e+00
-1.29248095e+00
-1.15361595e+00
-9.22124743e-01
-6.32571459e-01
-3.09087068e-01
4.15796526e-02
4.29488242e-01
8.77547860e-01
1.40926337e+00
2.03738022e+00
2.76981974e+00
3.61037064e+00
4.43939877e+00
5.18924427e+00
-1.22500443e+00
-1.22476637e+00
-1.22262859e+00
-1.21547246e+00
-1.19575047e+00
-1.14806485e+00
-1.05207968e+00
-8.95123482e-01
-7.12449968e-01
-5.76108217e-01
-4.90570366e-01
-3.94189149e-01
-2.44551867e-01
-3.64099666e-02
2.17045054e-01
5.00234783e-01
8.04460645e-01
1.13566971e+00
1.51377201e+00
1.96002221e+00
2.48892927e+00
3.10695338e+00
3.83921766e+00
4.60069704e+00
5.31943321e+00
-1.21833110e+00
-1.22315502e+00
-1.22391033e+00
-1.22102022e+00
-1.21096051e+00
-1.18125713e+00
-1.10280073e+00
-9.33761716e-01
-6.54384851e-01
-3.01714182e-01
5.44908158e-02
3.62708181e-01
6.24134660e-01
8.65257025e-01
1.10685444e+00
1.35704839e+00
1.61861944e+00
1.89817941e+00
2.21068764e+00
2.57817578e+00
3.01743317e+00
3.53400588e+00
4.16205740e+00
4.85012436e+00
5.52085686e+00
-1.18118715e+00
-1.20314300e+00
-1.21641302e+00
-1.22062039e+00
-1.21730554e+00
-1.20095980e+00
-1.15211976e+00
-1.02395260e+00
-7.57273495e-01
-3.36934835e-01
2.01822653e-01
7.83936858e-01
1.29265058e+00
1.67734194e+00
1.97258687e+00
2.22346163e+00
2.45825648e+00
2.69423580e+00
2.94874763e+00
3.24336982e+00
3.59888124e+00
4.02471209e+00
4.55494452e+00
5.16718006e+00
5.78638601e+00
-1.15004408e+00
-1.16061997e+00
-1.17993593e+00
-1.20105171e+00
-1.21214342e+00
-1.20842385e+00
-1.18054593e+00
-1.09589958e+00
-8.88474345e-01
-4.94970530e-01
8.87394249e-02
8.22003245e-01
1.59572339e+00
2.24594331e+00
2.70745468e+00
3.02915883e+00
3.27448893e+00
3.48678923e+00
3.69637513e+00
3.92883539e+00
4.20995808e+00
4.55570650e+00
4.99516916e+00
5.53386211e+00
6.09678030e+00
-1.14463902e+00
-1.14633977e+00
-1.15059686e+00
-1.16110468e+00
-1.17932236e+00
-1.19489217e+00
-1.18940604e+00
-1.13918066e+00
-9.92448509e-01
-6.69043779e-01
-1.18890144e-01
6.43539608e-01
1.54916871e+00
2.45179129e+00
3.18286610e+00
3.68139219e+00
4.00487280e+00
4.23229885e+00
4.42094994e+00
4.61051941e+00
4.83395052e+00
5.10870981e+00
5.47207832e+00
5.93598318e+00
6.44531679e+00
-1.14392245e+00
-1.14397907e+00
-1.14407516e+00
-1.14431369e+00
-1.14514685e+00
-1.14669192e+00
-1.14863384e+00
-1.14025724e+00
-1.07954633e+00
-8.85807693e-01
-4.68048573e-01
2.15542808e-01
1.12905777e+00
2.17912173e+00
3.24047732e+00
4.16374254e+00
4.82610703e+00
5.23571682e+00
5.48950577e+00
5.67486906e+00
5.84831572e+00
6.04685163e+00
6.30766630e+00
6.66290951e+00
7.08282995e+00
-1.14373732e+00
-1.14379811e+00
-1.14383912e+00
-1.14374614e+00
-1.14331269e+00
-1.14190722e+00
-1.13755596e+00
-1.12440157e+00
-1.08433890e+00
-9.71899986e-01
-6.98686004e-01
-1.67837694e-01
6.43757164e-01
1.66241539e+00
2.78326488e+00
3.90875673e+00
4.92596436e+00
5.71381474e+00
6.23051929e+00
6.54563427e+00
6.75743675e+00
6.94103384e+00
7.14611387e+00
7.41840649e+00
7.75251818e+00
-1.14363503e+00
-1.14365017e+00
-1.14365423e+00
-1.14361620e+00
-1.14341152e+00
-1.14257908e+00
-1.13975644e+00
-1.13109446e+00
-1.10519695e+00
-1.03084016e+00
-8.37695897e-01
-4.27585572e-01
2.53987581e-01
1.17164266e+00
2.24409556e+00
3.38621902e+00
4.52234554e+00
5.57414913e+00
6.44697380e+00
7.06565809e+00
7.45359421e+00
7.70802498e+00
7.92143250e+00
8.14282227e+00
8.43406391e+00
-1.14340842e+00
-1.14352608e+00
-1.14357293e+00
-1.14356613e+00
-1.14344978e+00
-1.14299822e+00
-1.14146018e+00
-1.13648939e+00
-1.12106025e+00
-1.07554698e+00
-9.50436652e-01
-6.51679993e-01
-8.10253918e-02
7.62060344e-01
1.77621257e+00
2.87087440e+00
3.99911785e+00
5.11940050e+00
6.18173218e+00
7.10450125e+00
7.79839563e+00
8.25260544e+00
8.55482197e+00
8.80179691e+00
9.06879520e+00
-1.13574862e+00
-1.14099491e+00
-1.14277732e+00
-1.14314449e+00
-1.14333045e+00
-1.14318013e+00
-1.14236331e+00
-1.13959897e+00
-1.13080728e+00
-1.10370755e+00
-1.02479720e+00
-8.19584489e-01
-3.79546672e-01
3.55086833e-01
1.32363355e+00
2.40879345e+00
3.52222824e+00
4.62881565e+00
5.72655439e+00
6.78527737e+00
7.72970390e+00
8.46745014e+00
8.97009087e+00
9.32120609e+00
9.61604881e+00
-1.07774663e+00
-1.09203708e+00
-1.11268115e+00
-1.12985110e+00
-1.13852966e+00
-1.14173615e+00
-1.14216149e+00
-1.14097047e+00
-1.13599551e+00
-1.12008512e+00
-1.07201445e+00
-9.37466919e-01
-6.14798725e-01
-6.67745387e-03
8.75674129e-01
1.93130016e+00
3.04956245e+00
4.17394733e+00
5.27467918e+00
6.35455036e+00
7.39843512e+00
8.34210491e+00
9.09691143e+00
9.63750267e+00
1.00330544e+01
-1.06839836e+00
-1.06900489e+00
-1.07098758e+00
-1.07596314e+00
-1.08786750e+00
-1.10753906e+00
-1.12609959e+00
-1.13568056e+00
-1.13680398e+00
-1.12859309e+00
-1.09927404e+00
-1.01327872e+00
-7.88599730e-01
-3.11403781e-01
4.65118080e-01
1.46193194e+00
2.56476068e+00
3.69814897e+00
4.82606506e+00
5.93017578e+00
6.99946404e+00
8.02243614e+00
8.94943047e+00
9.70574951e+00
1.02714100e+01
-1.06811965e+00
-1.06816435e+00
-1.06824577e+00
-1.06846702e+00
-1.06911075e+00
-1.07120216e+00
-1.07638109e+00
-1.08830559e+00
-1.10625863e+00
-1.11821091e+00
-1.10931122e+00
-1.05788291e+00
-9.06663716e-01
-5.48995137e-01
1.04119264e-01
1.02415133e+00
2.09499502e+00
3.22116256e+00
4.35733795e+00
5.48614597e+00
6.59053326e+00
7.65197754e+00
8.65293694e+00
9.55726910e+00
1.03058567e+01
-1.06807923e+00
-1.06809652e+00
-1.06811523e+00
-1.06814563e+00
-1.06819439e+00
-1.06828189e+00
-1.06847501e+00
-1.06920099e+00
-1.07051849e+00
-1.07347500e+00
-1.07578707e+00
-1.05855513e+00
-9.70040679e-01
-7.18021452e-01
-1.94019914e-01
6.27231598e-01
1.64995742e+00
2.75921273e+00
3.89345503e+00
5.02982521e+00
6.15503883e+00
7.25432777e+00
8.30589867e+00
9.29710007e+00
1.01692333e+01
-1.06805086e+00
-1.06806493e+00
-1.06807590e+00
-1.06808877e+00
-1.06810129e+00
-1.06810403e+00
-1.06805980e+00
-1.06784308e+00
-1.06707501e+00
-1.06461978e+00
-1.05726635e+00
-1.03473914e+00
-9.70061302e-01
-7.96936393e-01
-4.03122872e-01
2.92115152e-01
1.24206150e+00
2.32339764e+00
3.44706535e+00
4.58235121e+00
5.71441126e+00
6.83166695e+00
7.92108011e+00
8.98146057e+00
9.92875767e+00
-1.06799555e+00
-1.06800854e+00
-1.06801820e+00
-1.06802976e+00
-1.06803989e+00
-1.06803977e+00
-1.06800044e+00
-1.06781828e+00
-1.06719589e+00
-1.06521893e+00
-1.05912757e+00
-1.04079115e+00
-9.87793744e-01
-8.45361114e-01
-5.20137131e-01
6.80583939e-02
9.15381789e-01
1.94399130e+00
3.03978229e+00
4.16226482e+00
5.29266834e+00
6.41223907e+00
7.51662064e+00
8.61682701e+00
9.62675762e+00
-1.06751454e+00
-1.06752622e+00
-1.06753397e+00
-1.06754208e+00
-1.06754971e+00
-1.06754935e+00
-1.06751823e+00
-1.06738818e+00
-1.06695032e+00
-1.06557155e+00
-1.06135595e+00
-1.04866302e+00
-1.01129830e+00
-9.06961322e-01
-6.48365259e-01
-1.27581164e-01
6.74129725e-01
1.66092336e+00
2.70328021e+00
3.79917550e+00
4.93607998e+00
6.04253912e+00
7.13185024e+00
8.23650169e+00
9.29958534e+00
-1.06399047e+00
-1.06400120e+00
-1.06400871e+00
-1.06401742e+00
-1.06402290e+00
-1.06402040e+00
-1.06398332e+00
-1.06386590e+00
-1.06353593e+00
-1.06257391e+00
-1.05970454e+00
-1.05105972e+00
-1.02535272e+00
-9.51904714e-01
-7.59921372e-01
-3.36285383e-01
3.94403607e-01
1.38052881e+00
2.43932843e+00
3.51609635e+00
4.64969730e+00
5.77784634e+00
6.85254622e+00
7.90240860e+00
8.95325470e+00
-1.04830945e+00
-1.04832017e+00
-1.04832697e+00
-1.04833484e+00
-1.04834282e+00
-1.04834652e+00
-1.04832613e+00
-1.04824781e+00
-1.04798162e+00
-1.04720974e+00
-1.04516971e+00
-1.03934050e+00
-1.02212119e+00
-9.71685171e-01
-8.34014297e-01
-5.06449580e-01
1.17801607e-01
1.04671991e+00
2.11739802e+00
3.23855162e+00
4.40607834e+00
5.55228758e+00
6.68595171e+00
7.72908783e+00
8.70643425e+00
-1.00227749e+00
-1.00228906e+00
-1.00229537e+00
-1.00230372e+00
-1.00231206e+00
-1.00231922e+00
-1.00231171e+00
-1.00226736e+00
-1.00211489e+00
-1.00161505e+00
-1.00016761e+00
-9.96110737e-01
-9.84634399e-01
-9.51436043e-01
-8.57409060e-01
-6.17318571e-01
-1.10994950e-01
7.23723888e-01
1.76019812e+00
2.88610291e+00
4.11172390e+00
5.30604076e+00
6.51347542e+00
7.66100264e+00
8.65815830e+00
-9.06520367e-01
-9.06530321e-01
-9.06534910e-01
-9.06542122e-01
-9.06551123e-01
-9.06561255e-01
-9.06565607e-01
-9.06549335e-01
-9.06450212e-01
-9.06158388e-01
-9.05287027e-01
-9.02690113e-01
-8.95290732e-01
-8.73899400e-01
-8.12681615e-01
-6.47470891e-01
-2.63013512e-01
4.47368413e-01
1.41798961e+00
2.51552606e+00
3.75104618e+00
4.97392225e+00
6.27374887e+00
7.52297449e+00
8.68629265e+00
-7.50811398e-01
-7.50824451e-01
-7.50826597e-01
-7.50829458e-01
-7.50837088e-01
-7.50846446e-01
-7.50852883e-01
-7.50855923e-01
-7.50830948e-01
-7.50687659e-01
-7.50160098e-01
-7.48587906e-01
-7.44019806e-01
-7.30649829e-01
-6.92350149e-01
-5.83841145e-01
-3.10564458e-01
2.54861563e-01
1.12226129e+00
2.16508579e+00
3.37526321e+00
4.59767580e+00
5.91894865e+00
7.23945618e+00
8.56842518e+00
-5.32157719e-01
-5.32193899e-01
-5.32197297e-01
-5.32201827e-01
-5.32207787e-01
-5.32189846e-01
-5.32198370e-01
-5.32205284e-01
-5.32187641e-01
-5.32091498e-01
-5.31802773e-01
-5.30911446e-01
-5.28180659e-01
-5.20130813e-01
-4.96283144e-01
-4.28172886e-01
-2.44479775e-01
1.75056443e-01
9.04975176e-01
1.85952711e+00
3.01344323e+00
4.21747255e+00
5.53135967e+00
6.88273001e+00
8.28607178e+00
-2.60309219e-01
-2.60368347e-01
-2.60370851e-01
-2.60374248e-01
-2.60378808e-01
-2.60365397e-01
-2.60391176e-01
-2.60397226e-01
-2.60345340e-01
-2.60299772e-01
-2.60136038e-01
-2.59604961e-01
-2.57992685e-01
-2.53195494e-01
-2.38880709e-01
-1.96169287e-01
-7.80479088e-02
2.13479131e-01
7.89971590e-01
1.62307572e+00
2.69293022e+00
3.85781670e+00
5.14263439e+00
6.52262163e+00
7.96153355e+00
3.12874541e-02
3.12836915e-02
3.12818587e-02
3.12050153e-02
3.12016867e-02
3.11974827e-02
3.11924648e-02
3.11877523e-02
3.12143173e-02
3.12398970e-02
3.13964263e-02
3.17646004e-02
3.27350534e-02
3.56830806e-02
4.44056913e-02
7.07249865e-02
1.47044614e-01
3.42913270e-01
7.73418009e-01
1.46618176e+00
2.42382288e+00
3.53089333e+00
4.77283096e+00
6.15656614e+00
7.58060265e+00
3.02600622e-01
3.02568883e-01
3.02571595e-01
3.02565694e-01
3.02563280e-01
3.02456856e-01
3.02451819e-01
3.02449614e-01
3.02462727e-01
3.02481711e-01
3.02533567e-01
3.02868783e-01
3.03573430e-01
3.05566162e-01
3.11200798e-01
3.27886552e-01
3.77468944e-01
5.10094881e-01
8.23329031e-01
1.38014531e+00
2.21115613e+00
3.24368691e+00
4.43700504e+00
5.77017260e+00
7.15588236e+00
5.17486989e-01
5.17484546e-01
5.17510831e-01
5.17514288e-01
5.17512441e-01
5.17505229e-01
5.17502367e-01
5.17248213e-01
5.17247617e-01
5.17256737e-01
5.17397583e-01
5.17649829e-01
5.18290758e-01
5.19705117e-01
5.23638308e-01
5.34852445e-01
5.68718851e-01
6.62159979e-01
8.91427517e-01
1.33490169e+00
2.04221606e+00
2.99286222e+00
4.12831688e+00
5.38745546e+00
6.77942610e+00
6.65511131e-01
6.65509045e-01
6.65508270e-01
6.65507138e-01
6.65505648e-01
6.65503800e-01
6.65501535e-01
6.65556014e-01
6.65546298e-01
6.65219247e-01
6.65251195e-01
6.65411949e-01
6.65866911e-01
6.67207718e-01
6.70349300e-01
6.78526521e-01
7.03256071e-01
7.71780193e-01
9.44029808e-01
1.29933226e+00
1.89603090e+00
2.76669645e+00
3.83454156e+00
5.02930498e+00
6.40272379e+00
7.50888944e-01
7.50887036e-01
7.50886381e-01
7.50885427e-01
7.50884175e-01
7.50882626e-01
7.50880659e-01
7.50878692e-01
7.50877798e-01
7.50883877e-01
7.50907421e-01
7.50483096e-01
7.50755489e-01
7.51998723e-01
7.54875004e-01
7.61679053e-01
7.81271875e-01
8.34055543e-01
9.68236208e-01
1.25754440e+00
1.75907505e+00
2.55744004e+00
3.54767299e+00
4.70866823e+00
6.01801586e+00
7.89583325e-01
7.89553046e-01
7.89552450e-01
7.89551675e-01
7.89550602e-01
7.89549232e-01
7.89552450e-01
7.89551497e-01
7.89554656e-01
7.89560199e-01
7.89633930e-01
7.89707243e-01
7.89355576e-01
7.90086210e-01
7.92343915e-01
7.99133897e-01
8.15471351e-01
8.58500123e-01
9.67606127e-01
1.20650697e+00
1.63023818e+00
2.35415030e+00
3.26793456e+00
4.39500904e+00
5.67929983e+00
7.95981050e-01
7.95979381e-01
7.95978904e-01
7.95978189e-01
7.95977235e-01
7.95976043e-01
7.95974493e-01
7.95972764e-01
7.95973122e-01
7.95974672e-01
7.96023309e-01
7.96075702e-01
7.96464503e-01
7.97236621e-01
7.98973560e-01
8.04525614e-01
8.19218397e-01
8.55992436e-01
9.46780324e-01
1.14958048e+00
1.51082695e+00
2.16157317e+00
3.00548983e+00
4.08689928e+00
5.33919477e+00
-6.63524437e+00
-5.93974972e+00
-5.19725323e+00
-4.43571472e+00
-3.76949763e+00
-3.33284187e+00
-3.12600589e+00
-2.72333193e+00
-2.24206352e+00
-1.94203067e+00
-1.83013916e+00
-1.77877891e+00
-1.72594559e+00
-1.64045405e+00
-1.46420372e+00
-1.12606859e+00
-6.43418252e-01
-6.65447488e-02
6.31721079e-01
1.42684805e+00
1.94415319e+00
1.92795277e+00
1.66609168e+00
1.58757234e+00
1.95062804e+00
-7.04782152e+00
-6.48027992e+00
-5.85017300e+00
-5.19437456e+00
-4.46902227e+00
-3.75871444e+00
-3.20002484e+00
-2.91031218e+00
-2.64529514e+00
-2.26331520e+00
-1.97058618e+00
-1.84367871e+00
-1.78831601e+00
-1.73190284e+00
-1.64642060e+00
-1.47417843e+00
-1.14253473e+00
-6.52363241e-01
-6.78858310e-02
6.51704490e-01
1.38920784e+00
1.74862826e+00
1.64128923e+00
1.45700204e+00
1.50073850e+00
-7.13014078e+00
-6.70259142e+00
-6.19927263e+00
-5.63294506e+00
-5.04281807e+00
-4.43615198e+00
-3.76150751e+00
-3.13758302e+00
-2.72667122e+00
-2.49201083e+00
-2.20391965e+00
-1.94997621e+00
-1.81878173e+00
-1.75542212e+00
-1.69343996e+00
-1.59720194e+00
-1.41283953e+00
-1.06349480e+00
-5.58996499e-01
2.17895899e-02
7.09890544e-01
1.32549953e+00
1.54146516e+00
1.45757723e+00
1.37289202e+00
-6.94602537e+00
-6.66666842e+00
-6.26307249e+00
-5.80429602e+00
-5.30212259e+00
-4.76815128e+00
-4.24203396e+00
-3.69198108e+00
-3.09339499e+00
-2.59345174e+00
-2.31396341e+00
-2.08115602e+00
-1.87565255e+00
-1.74920642e+00
-1.67572212e+00
-1.59499276e+00
-1.46904433e+00
-1.23817718e+00
-8.53428423e-01
-3.60208392e-01
2.07487449e-01
7.99802244e-01
1.27085936e+00
1.42579782e+00
1.41652703e+00
-6.42398691e+00
-6.26212740e+00
-6.05537033e+00
-5.73866129e+00
-5.32589483e+00
-4.87588739e+00
-4.40340471e+00
-3.92406559e+00
-3.47710347e+00
-2.99121904e+00
-2.49333000e+00
-2.14166188e+00
-1.91689074e+00
-1.75059891e+00
-1.62750423e+00
-1.52742338e+00
-1.40507936e+00
-1.21172202e+00
-9.13796306e-01
-5.02551913e-01
-4.49706195e-03
4.49878424e-01
9.27255332e-01
1.28219771e+00
1.46939564e+00
-5.94300890e+00
-5.70624208e+00
-5.51716185e+00
-5.31474733e+00
-5.08543444e+00
-4.76473427e+00
-4.36869669e+00
-3.95017886e+00
-3.52825069e+00
-3.12914848e+00
-2.75623059e+00
-2.33598781e+00
-1.95582366e+00
-1.71495998e+00
-1.56093943e+00
-1.42208517e+00
-1.27532983e+00
-1.07652211e+00
-8.01755190e-01
-4.35530514e-01
2.41558738e-02
3.99526536e-01
7.56397128e-01
1.12760258e+00
1.46274900e+00
-5.77853775e+00
-5.36514807e+00
-5.02504349e+00
-4.76270390e+00
-4.54227734e+00
-4.33889532e+00
-4.10723066e+00
-3.79361939e+00
-3.42675471e+00
-3.05932140e+00
-2.71098804e+00
-2.39044714e+00
-2.05933666e+00
-1.70233750e+00
-1.45626593e+00
-1.29262996e+00
-1.10543680e+00
-8.83039653e-01
-6.01548672e-01
-2.43890658e-01
1.99628115e-01
5.49233615e-01
8.33717465e-01
1.12960482e+00
1.48989797e+00
-6.06558895e+00
-5.43039274e+00
-4.87940884e+00
-4.41819763e+00
-4.05602360e+00
-3.78483796e+00
-3.56952000e+00
-3.37800241e+00
-3.14737105e+00
-2.84496140e+00
-2.52253866e+00
-2.22255468e+00
-1.94662952e+00
-1.66591609e+00
-1.34525907e+00
-1.09976518e+00
-8.97695899e-01
-6.43727720e-01
-3.43759000e-01
1.44941304e-02
4.48830724e-01
7.93835759e-01
1.05518234e+00
1.29934573e+00
1.64176762e+00
-6.61364079e+00
-5.89560223e+00
-5.16861963e+00
-4.49444294e+00
-3.90626192e+00
-3.43219829e+00
-3.07191205e+00
-2.82213497e+00
-2.62943554e+00
-2.44075131e+00
-2.20448613e+00
-1.93143058e+00
-1.66890800e+00
-1.43405533e+00
-1.18365252e+00
-8.87287378e-01
-6.24826014e-01
-3.61601382e-01
-4.48700748e-02
3.26641083e-01
7.34161735e-01
1.08336782e+00
1.33826339e+00
1.56275821e+00
1.89545774e+00
-7.02611637e+00
-6.45126295e+00
-5.72285891e+00
-4.93511391e+00
-4.17480040e+00
-3.48474002e+00
-2.89841366e+00
-2.43729424e+00
-2.12542319e+00
-1.90727687e+00
-1.71737444e+00
-1.52498686e+00
-1.29503965e+00
-1.06490314e+00
-8.57593119e-01
-6.21748626e-01
-3.32558990e-01
-3.40688750e-02
2.87804514e-01
6.56564832e-01
1.04937410e+00
1.39531803e+00
1.64824104e+00
1.87156332e+00
2.20652604e+00
-7.15689468e+00
-6.76244259e+00
-6.22064447e+00
-5.50314856e+00
-4.69192553e+00
-3.88628531e+00
-3.12448740e+00
-2.44659758e+00
-1.89166868e+00
-1.50106347e+00
-1.23632884e+00
-1.02643478e+00
-8.41633022e-01
-6.43694878e-01
-4.41449195e-01
-2.42924750e-01
-3.42785032e-03
3.00238252e-01
6.33078158e-01
9.97656524e-01
1.39011204e+00
1.71298206e+00
1.96939695e+00
2.20389533e+00
2.54883671e+00
-6.98350525e+00
-6.78576803e+00
-6.45286894e+00
-5.92208242e+00
-5.22115660e+00
-4.41995287e+00
-3.59598827e+00
-2.79315710e+00
-2.05146670e+00
-1.42407596e+00
-9.57948387e-01
-6.39656007e-01
-3.99859041e-01
-1.98139250e-01
-1.03458976e-02
1.88568264e-01
3.99301916e-01
6.58134639e-01
9.81428146e-01
1.34700620e+00
1.73962629e+00
2.05732512e+00
2.29364228e+00
2.54599190e+00
2.90559292e+00
-6.62792730e+00
-6.50422525e+00
-6.35247231e+00
-6.05651808e+00
-5.54676771e+00
-4.86501646e+00
-4.09586716e+00
-3.28282952e+00
-2.46822596e+00
-1.69165874e+00
-1.01414907e+00
-4.84739751e-01
-1.13581024e-01
1.57598376e-01
3.83716732e-01
5.88762522e-01
8.12110603e-01
1.05786145e+00
1.34882760e+00
1.69933522e+00
2.08948207e+00
2.42785454e+00
2.63248873e+00
2.88829064e+00
3.26378798e+00
-6.15639591e+00
-6.15714312e+00
-6.02309418e+00
-5.84897804e+00
-5.57319784e+00
-5.09241676e+00
-4.45098543e+00
-3.72524953e+00
-2.95018935e+00
-2.14520359e+00
-1.34983253e+00
-6.38118625e-01
-6.64499849e-02
3.47190529e-01
6.48210227e-01
9.05391514e-01
1.15553868e+00
1.42792511e+00
1.72565389e+00
2.05704784e+00
2.43750644e+00
2.79058552e+00
3.00646067e+00
3.23420286e+00
3.61184454e+00
-5.46679115e+00
-5.62562132e+00
-5.67742682e+00
-5.54220343e+00
-5.31541109e+00
-5.01656866e+00
-4.56902695e+00
-3.98867679e+00
-3.32353997e+00
-2.58871794e+00
-1.80323064e+00
-1.00965893e+00
-2.80203730e-01
3.16856772e-01
7.59521365e-01
1.09249151e+00
1.39583850e+00
1.71200085e+00
2.05325580e+00
2.40495515e+00
2.76805520e+00
3.11519790e+00
3.35565424e+00
3.57665038e+00
3.94164371e+00
-4.83177376e+00
-4.98979235e+00
-5.11874771e+00
-5.18026257e+00
-5.06843424e+00
-4.79257393e+00
-4.44940138e+00
-4.02562380e+00
-3.51318622e+00
-2.91182518e+00
-2.21754932e+00
-1.44709623e+00
-6.59023345e-01
7.15164244e-02
6.80375993e-01
1.14736974e+00
1.52542925e+00
1.89237380e+00
2.28392315e+00
2.69019747e+00
3.07374001e+00
3.41395092e+00
3.67574954e+00
3.89886069e+00
4.24543524e+00
-4.25940514e+00
-4.43712187e+00
-4.56194115e+00
-4.64561272e+00
-4.68868208e+00
-4.60330439e+00
-4.30998755e+00
-3.92985296e+00
-3.52065873e+00
-3.06159091e+00
-2.51434779e+00
-1.85183764e+00
-1.09352624e+00
-3.09084773e-01
4.21884060e-01
1.03993320e+00
1.53963685e+00
1.98049569e+00
2.42285848e+00
2.88083839e+00
3.31990957e+00
3.68445039e+00
3.96314192e+00
4.19683456e+00
4.51787519e+00
-3.68519068e+00
-3.91975260e+00
-4.07912683e+00
-4.16810656e+00
-4.20694685e+00
-4.21620083e+00
-4.14203548e+00
-3.86523342e+00
-3.46661973e+00
-3.06398392e+00
-2.63594508e+00
-2.12270379e+00
-1.48268938e+00
-7.35211909e-01
4.71471697e-02
7.83571959e-01
1.42514729e+00
1.97800267e+00
2.48951697e+00
2.99892569e+00
3.49040437e+00
3.90831375e+00
4.21472836e+00
4.46314812e+00
4.76081181e+00
-3.08084512e+00
-3.37695479e+00
-3.59991217e+00
-3.73914289e+00
-3.79719639e+00
-3.79589915e+00
-3.76339173e+00
-3.67871284e+00
-3.42876649e+00
-3.04170537e+00
-2.64142656e+00
-2.22348285e+00
-1.72780919e+00
-1.10592556e+00
-3.68022531e-01
4.15525645e-01
1.17084169e+00
1.85868406e+00
2.47803044e+00
3.05805755e+00
3.60386610e+00
4.07715845e+00
4.43004799e+00
4.69741249e+00
4.97978544e+00
-2.46194077e+00
-2.80598545e+00
-3.08972025e+00
-3.29642081e+00
-3.41251993e+00
-3.44093657e+00
-3.40281153e+00
-3.32669187e+00
-3.20580602e+00
-2.96593475e+00
-2.60899854e+00
-2.21998835e+00
-1.80554223e+00
-1.31609643e+00
-7.05077827e-01
2.72920989e-02
8.23508739e-01
1.61794758e+00
2.36449218e+00
3.04603171e+00
3.66598368e+00
4.19371843e+00
4.60610819e+00
4.89834976e+00
5.17524529e+00
-1.86148679e+00
-2.22091126e+00
-2.54903889e+00
-2.81628394e+00
-3.00135350e+00
-3.09069633e+00
-3.08767080e+00
-3.01310444e+00
-2.89217567e+00
-2.72135425e+00
-2.46728611e+00
-2.14358258e+00
-1.78044021e+00
-1.37080884e+00
-8.81337047e-01
-2.73211479e-01
4.65107501e-01
1.29249692e+00
2.13940048e+00
2.94059920e+00
3.65971351e+00
4.26986742e+00
4.74036360e+00
5.06736946e+00
5.34821081e+00
-1.20642841e+00
-1.43704021e+00
-1.74335325e+00
-2.05556583e+00
-2.32150960e+00
-2.50970292e+00
-2.60269380e+00
-2.59370399e+00
-2.49676275e+00
-2.33725214e+00
-2.12941837e+00
-1.88271987e+00
-1.59858322e+00
-1.27180481e+00
-8.90522897e-01
-4.32845056e-01
1.33061469e-01
8.41970503e-01
1.69154489e+00
2.60775661e+00
3.48748899e+00
4.25651455e+00
4.86238623e+00
5.25344133e+00
5.56501770e+00
-1.00570416e+00
-1.03033316e+00
-1.14203274e+00
-1.35446787e+00
-1.61780691e+00
-1.86228395e+00
-2.04120302e+00
-2.12863374e+00
-2.11343694e+00
-2.00616574e+00
-1.83402944e+00
-1.62122810e+00
-1.37275517e+00
-1.08669853e+00
-7.55513430e-01
-3.68062228e-01
9.21369269e-02
6.55207276e-01
1.36019814e+00
2.21785688e+00
3.15916252e+00
4.06424952e+00
4.83843184e+00
5.35989523e+00
5.72251129e+00
-1.04104304e+00
-9.73986685e-01
-9.37660813e-01
-9.57246721e-01
-1.05965042e+00
-1.23720026e+00
-1.43154359e+00
-1.58171451e+00
-1.64937854e+00
-1.61821115e+00
-1.50145459e+00
-1.32660282e+00
-1.11025846e+00
-8.54775548e-01
-5.55556476e-01
-2.05970407e-01
2.03579232e-01
6.90358639e-01
1.28026819e+00
2.00416660e+00
2.86079407e+00
3.78255820e+00
4.66939592e+00
5.34383774e+00
5.81109953e+00
-1.14421546e+00
-1.06933296e+00
-9.76459503e-01
-8.93025935e-01
-8.42285872e-01
-8.42900515e-01
-9.07958984e-01
-1.01289392e+00
-1.09849536e+00
-1.11418128e+00
-1.04418266e+00
-9.07582223e-01
-7.26252675e-01
-5.08947313e-01
-2.51644522e-01
5.43720946e-02
4.18743819e-01
8.54104042e-01
1.37481999e+00
2.00170279e+00
2.74283195e+00
3.58159590e+00
4.47150040e+00
5.23470211e+00
5.81870365e+00
-1.20194995e+00
-1.16701901e+00
-1.09908545e+00
-9.96424854e-01
-8.76848996e-01
-7.64442623e-01
-6.71653092e-01
-6.08545780e-01
-5.77325702e-01
-5.43579757e-01
-4.68033284e-01
-3.45150709e-01
-1.90247163e-01
-1.12426709e-02
1.97048515e-01
4.47123528e-01
7.54749715e-01
1.13304448e+00
1.59344220e+00
2.14769387e+00
2.79935217e+00
3.54132462e+00
4.37116909e+00
5.13686943e+00
5.77833796e+00
-1.21828640e+00
-1.20818543e+00
-1.18093240e+00
-1.12143898e+00
-1.01753080e+00
-8.71241570e-01
-6.99026108e-01
-5.10089397e-01
-3.02048981e-01
-8.77319276e-02
1.10521510e-01
2.90554732e-01
4.57628548e-01
6.19344771e-01
7.89356053e-01
9.85559702e-01
1.22858131e+00
1.53732669e+00
1.92727602e+00
2.40874481e+00
2.98467445e+00
3.63602924e+00
4.38837194e+00
5.12759447e+00
5.77044296e+00
-1.21513605e+00
-1.21695697e+00
-1.20986116e+00
-1.18713236e+00
-1.13327467e+00
-1.02785885e+00
-8.56896400e-01
-6.21278346e-01
-3.22262049e-01
5.48478030e-02
4.74643111e-01
8.40431213e-01
1.10781050e+00
1.30277860e+00
1.46462739e+00
1.62568319e+00
1.81311786e+00
2.05262518e+00
2.36611247e+00
2.76873279e+00
3.26605129e+00
3.83314252e+00
4.50425386e+00
5.20656157e+00
5.83463669e+00
-1.17859721e+00
-1.19921017e+00
-1.20953453e+00
-1.20688188e+00
-1.18692625e+00
-1.13362968e+00
-1.02023065e+00
-8.16409409e-01
-5.04355431e-01
-7.03907609e-02
4.93373573e-01
1.10154951e+00
1.59658265e+00
1.92633188e+00
2.14200735e+00
2.30548573e+00
2.46265531e+00
2.64788842e+00
2.89075208e+00
3.21386790e+00
3.62874198e+00
4.11628437e+00
4.70648050e+00
5.36050653e+00
5.96547270e+00
-1.14681327e+00
-1.15679979e+00
-1.17458379e+00
-1.19255316e+00
-1.19694018e+00
-1.17848241e+00
-1.11975753e+00
-9.85112667e-01
-7.28745759e-01
-3.14456761e-01
2.79148459e-01
1.01872563e+00
1.76091433e+00
2.34079814e+00
2.71476030e+00
2.94816136e+00
3.11773086e+00
3.27831531e+00
3.46973467e+00
3.72321057e+00
4.05836916e+00
4.46642160e+00
4.97977161e+00
5.57830048e+00
6.15107346e+00
-1.14001727e+00
-1.14119446e+00
-1.14449346e+00
-1.15323210e+00
-1.16798413e+00
-1.17677391e+00
-1.15814531e+00
-1.08456194e+00
-9.08337355e-01
-5.69214582e-01
-2.02738829e-02
7.39127755e-01
1.60961938e+00
2.43173742e+00
3.06299376e+00
3.46804833e+00
3.71820712e+00
3.89808321e+00
4.06869602e+00
4.27294970e+00
4.54263067e+00
4.87872267e+00
5.31931543e+00
5.85437584e+00
6.39383841e+00
-1.13726842e+00
-1.13492548e+00
-1.13312447e+00
-1.13168097e+00
-1.13059592e+00
-1.12939966e+00
-1.12718070e+00
-1.11320066e+00
-1.04827952e+00
-8.61582518e-01
-4.73024458e-01
1.71913743e-01
1.04602814e+00
2.02938509e+00
2.99139929e+00
3.81181955e+00
4.39871168e+00
4.76618719e+00
5.00435734e+00
5.19735336e+00
5.40270424e+00
5.65116358e+00
5.98464537e+00
6.41958284e+00
6.89398336e+00
-1.14117289e+00
-1.13918459e+00
-1.13469255e+00
-1.12790763e+00
-1.12112665e+00
-1.11499488e+00
-1.10702968e+00
-1.09155118e+00
-1.05335915e+00
-9.55579221e-01
-7.24358916e-01
-2.65840352e-01
4.66849655e-01
1.41338050e+00
2.45564771e+00
3.49279594e+00
4.43405008e+00
5.17708349e+00
5.67544985e+00
5.99126387e+00
6.22099352e+00
6.44543743e+00
6.70974731e+00
7.05824900e+00
7.46343946e+00
-1.14182091e+00
-1.14158785e+00
-1.14077210e+00
-1.13838935e+00
-1.13242877e+00
-1.12081003e+00
-1.10424829e+00
-1.08458042e+00
-1.05494666e+00
-9.90546942e-01
-8.35876703e-01
-5.06786287e-01
6.42784387e-02
8.76862466e-01
1.86213207e+00
2.92891574e+00
4.00202847e+00
5.01016998e+00
5.86020088e+00
6.47181416e+00
6.87022734e+00
7.15177965e+00
7.41186094e+00
7.70387602e+00
8.06082344e+00
-1.14148664e+00
-1.14156914e+00
-1.14149427e+00
-1.14113927e+00
-1.14001656e+00
-1.13678396e+00
-1.12833571e+00
-1.10960126e+00
-1.07515919e+00
-1.01711273e+00
-9.07235801e-01
-6.75128639e-01
-2.26617068e-01
4.81288314e-01
1.38567638e+00
2.39534020e+00
3.46231651e+00
4.54439688e+00
5.58399439e+00
6.49538803e+00
7.18993425e+00
7.66035938e+00
7.99777460e+00
8.29814148e+00
8.62890720e+00
-1.13383782e+00
-1.13895702e+00
-1.14065945e+00
-1.14091539e+00
-1.14086604e+00
-1.14016664e+00
-1.13798380e+00
-1.13190699e+00
-1.11584771e+00
-1.07676959e+00
-9.89326119e-01
-8.07092786e-01
-4.58662301e-01
1.28733799e-01
9.60100055e-01
1.94571948e+00
2.99031687e+00
4.05433321e+00
5.12793350e+00
6.17321682e+00
7.11334276e+00
7.85672045e+00
8.38461399e+00
8.77238369e+00
9.12675190e+00
-1.07739651e+00
-1.09121931e+00
-1.11123908e+00
-1.12790751e+00
-1.13624942e+00
-1.13914609e+00
-1.13913178e+00
-1.13719106e+00
-1.13098037e+00
-1.11358869e+00
-1.06677854e+00
-9.48406160e-01
-6.82055116e-01
-1.86353371e-01
5.58957577e-01
1.50501895e+00
2.53682852e+00
3.61372638e+00
4.68716621e+00
5.74876738e+00
6.78432083e+00
7.72696447e+00
8.49391460e+00
9.05873871e+00
9.50201225e+00
-1.06839144e+00
-1.06898069e+00
-1.07088292e+00
-1.07564020e+00
-1.08707523e+00
-1.10600960e+00
-1.12375844e+00
-1.13261223e+00
-1.13326883e+00
-1.12559652e+00
-1.10077751e+00
-1.03269160e+00
-8.60197842e-01
-4.86013919e-01
1.64714187e-01
1.05417573e+00
2.07628036e+00
3.15620208e+00
4.25413895e+00
5.33953953e+00
6.39628458e+00
7.41308403e+00
8.34267712e+00
9.11025333e+00
9.70913410e+00
-1.06810868e+00
-1.06815350e+00
-1.06823170e+00
-1.06844366e+00
-1.06904972e+00
-1.07102013e+00
-1.07589686e+00
-1.08718467e+00
-1.10407269e+00
-1.11516917e+00
-1.10828984e+00
-1.06947482e+00
-9.59772408e-01
-6.96891069e-01
-1.79142296e-01
6.20642960e-01
1.61393166e+00
2.69322252e+00
3.80023623e+00
4.91009569e+00
6.00273180e+00
7.05564308e+00
8.05332756e+00
8.95813942e+00
9.72364807e+00
-1.06805348e+00
-1.06807077e+00
-1.06808877e+00
-1.06811547e+00
-1.06815600e+00
-1.06822932e+00
-1.06839216e+00
-1.06905043e+00
-1.07025433e+00
-1.07295740e+00
-1.07512701e+00
-1.06150484e+00
-9.95161116e-01
-8.13406467e-01
-4.20309901e-01
2.56560177e-01
1.17788720e+00
2.23385262e+00
3.34273553e+00
4.46482420e+00
5.58073378e+00
6.67232466e+00
7.71976137e+00
8.71090984e+00
9.58057213e+00
-1.06797194e+00
-1.06799877e+00
-1.06801105e+00
-1.06802404e+00
-1.06803358e+00
-1.06802773e+00
-1.06797314e+00
-1.06775355e+00
-1.06705201e+00
-1.06487262e+00
-1.05827022e+00
-1.03794849e+00
-9.82819080e-01
-8.46300900e-01
-5.45561075e-01
6.46668719e-03
8.21721196e-01
1.81751394e+00
2.90240550e+00
4.02135372e+00
5.14753532e+00
6.26033497e+00
7.34777546e+00
8.41382694e+00
9.34467888e+00
-1.06772709e+00
-1.06774235e+00
-1.06775975e+00
-1.06778836e+00
-1.06782234e+00
-1.06783617e+00
-1.06779087e+00
-1.06759858e+00
-1.06701100e+00
-1.06526303e+00
-1.05995846e+00
-1.04388106e+00
-9.98059392e-01
-8.78260553e-01
-6.07435167e-01
-1.18292622e-01
5.91975749e-01
1.49168336e+00
2.52065063e+00
3.61159205e+00
4.72537899e+00
5.84417343e+00
6.95116186e+00
8.06209660e+00
9.05210781e+00
-1.06658435e+00
-1.06657517e+00
-1.06657493e+00
-1.06658208e+00
-1.06659007e+00
-1.06659400e+00
-1.06657994e+00
-1.06647432e+00
-1.06607187e+00
-1.06483471e+00
-1.06116283e+00
-1.05023563e+00
-1.01833141e+00
-9.31333780e-01
-7.15357482e-01
-2.65057266e-01
4.43360746e-01
1.30029345e+00
2.24486709e+00
3.27601337e+00
4.34989023e+00
5.44994211e+00
6.55536318e+00
7.68177891e+00
8.74168491e+00
-1.06116283e+00
-1.06114483e+00
-1.06109333e+00
-1.06102693e+00
-1.06097651e+00
-1.06094599e+00
-1.06090677e+00
-1.06079626e+00
-1.06045902e+00
-1.05955529e+00
-1.05702877e+00
-1.04965293e+00
-1.02794385e+00
-9.67214346e-01
-8.09854746e-01
-4.51399982e-01
1.96636632e-01
1.07904065e+00
2.06115508e+00
3.05682063e+00
4.05883312e+00
5.11318684e+00
6.19469690e+00
7.30067015e+00
8.38087654e+00
-1.04155684e+00
-1.04156005e+00
-1.04155219e+00
-1.04153168e+00
-1.04148376e+00
-1.04139280e+00
-1.04125476e+00
-1.04107630e+00
-1.04077387e+00
-1.04004562e+00
-1.03808153e+00
-1.03283393e+00
-1.01807821e+00
-9.76582289e-01
-8.65468681e-01
-5.96018195e-01
-5.65196313e-02
7.64898837e-01
1.76795077e+00
2.83615613e+00
3.86050200e+00
4.86546183e+00
5.89666796e+00
6.95621872e+00
8.03975105e+00
-9.90865171e-01
-9.90873694e-01
-9.90876794e-01
-9.90878761e-01
-9.90876913e-01
-9.90856230e-01
-9.90792871e-01
-9.90639746e-01
-9.90323901e-01
-9.89709914e-01
-9.88295257e-01
-9.84451413e-01
-9.73882496e-01
-9.45296347e-01
-8.69241238e-01
-6.76353812e-01
-2.53252178e-01
4.64971334e-01
1.41976500e+00
2.50340056e+00
3.59564185e+00
4.65978813e+00
5.67683697e+00
6.69248676e+00
7.72777748e+00
-8.88476789e-01
-8.88486207e-01
-8.88491392e-01
-8.88498545e-01
-8.88506591e-01
-8.88512552e-01
-8.88503909e-01
-8.88483286e-01
-8.88372302e-01
-8.88007164e-01
-8.86999011e-01
-8.84429157e-01
-8.77351701e-01
-8.57643425e-01
-8.05203855e-01
-6.72676146e-01
-3.62239301e-01
2.27574274e-01
1.09424078e+00
2.14316487e+00
3.24621081e+00
4.36391926e+00
5.45138741e+00
6.48720598e+00
7.49460125e+00
-7.20831573e-01
-7.20840991e-01
-7.20842183e-01
-7.20845640e-01
-7.20849931e-01
-7.20859468e-01
-7.20867038e-01
-7.20875502e-01
-7.20826864e-01
-7.20696628e-01
-7.20276296e-01
-7.18877256e-01
-7.14575469e-01
-7.02035069e-01
-6.67041063e-01
-5.77212274e-01
-3.60695213e-01
8.97536576e-02
8.31858873e-01
1.80723035e+00
2.88441706e+00
4.00924015e+00
5.13678503e+00
6.23744011e+00
7.28483248e+00
-4.89848971e-01
-4.89858806e-01
-4.89862114e-01
-4.89857048e-01
-4.89851028e-01
-4.89856511e-01
-4.89865750e-01
-4.89870012e-01
-4.89870846e-01
-4.89816964e-01
-4.89615649e-01
-4.88930166e-01
-4.86628592e-01
-4.79544312e-01
-4.58159447e-01
-3.99410218e-01
-2.53570378e-01
7.06911162e-02
6.65932357e-01
1.52891421e+00
2.54801869e+00
3.65098214e+00
4.78429317e+00
5.91880846e+00
7.02736235e+00
-2.14144289e-01
-2.14155138e-01
-2.14157581e-01
-2.14160934e-01
-2.14165449e-01
-2.14164138e-01
-2.14151785e-01
-2.14160025e-01
-2.14160070e-01
-2.14136586e-01
-2.14035183e-01
-2.13676780e-01
-2.12527767e-01
-2.08597764e-01
-1.96146503e-01
-1.60255373e-01
-6.51532784e-02
1.58292189e-01
6.08046293e-01
1.33406579e+00
2.26126432e+00
3.31343794e+00
4.42903709e+00
5.56338739e+00
6.70365047e+00
7.26425350e-02
7.26388022e-02
7.26369768e-02
7.26278871e-02
7.26245344e-02
7.26216957e-02
7.26331472e-02
7.26387277e-02
7.26286322e-02
7.26589188e-02
7.27052316e-02
7.28736296e-02
7.35404566e-02
7.58661628e-02
8.28981474e-02
1.04669310e-01
1.64923638e-01
3.15751016e-01
6.40252292e-01
1.22266066e+00
2.03679705e+00
3.01304460e+00
4.08778715e+00
5.20875835e+00
6.36131191e+00
3.35500598e-01
3.35497588e-01
3.35496217e-01
3.35494339e-01
3.35491866e-01
3.35488558e-01
3.35484356e-01
3.35479200e-01
3.35473895e-01
3.35501462e-01
3.35514039e-01
3.35602760e-01
3.36012274e-01
3.37334991e-01
3.41672331e-01
3.55005592e-01
3.93549740e-01
4.94983494e-01
7.25622594e-01
1.17630124e+00
1.86892056e+00
2.75506401e+00
3.76846051e+00
4.86720467e+00
6.01240683e+00
5.41179538e-01
5.41177094e-01
5.41187644e-01
5.41186154e-01
5.41184306e-01
5.41181743e-01
5.41178465e-01
5.41169882e-01
5.41165292e-01
5.41162252e-01
5.41167378e-01
5.41250169e-01
5.41622937e-01
5.42448103e-01
5.45128584e-01
5.53742290e-01
5.79619288e-01
6.49508893e-01
8.16688895e-01
1.16096830e+00
1.73973024e+00
2.53169012e+00
3.47728443e+00
4.53803778e+00
5.65475130e+00
6.80951118e-01
6.80949032e-01
6.80948198e-01
6.80947542e-01
6.80945992e-01
6.80943966e-01
6.80941284e-01
6.80941045e-01
6.80937171e-01
6.80923820e-01
6.80925250e-01
6.80955887e-01
6.81142986e-01
6.81770921e-01
6.83619201e-01
6.89547479e-01
7.07642972e-01
7.58285940e-01
8.83205771e-01
1.14983082e+00
1.63107300e+00
2.33231163e+00
3.21159697e+00
4.22532940e+00
5.32015800e+00
7.58463264e-01
7.58461356e-01
7.58483589e-01
7.58482635e-01
7.58481324e-01
7.58479655e-01
7.58477390e-01
7.58511484e-01
7.58515000e-01
7.58519173e-01
7.58570611e-01
7.58724689e-01
7.58903325e-01
7.59177625e-01
7.60632813e-01
7.65120327e-01
7.78849900e-01
8.17391098e-01
9.15003121e-01
1.12733936e+00
1.52986395e+00
2.14807868e+00
2.96602488e+00
3.92756200e+00
4.99532652e+00
7.89867103e-01
7.89823711e-01
7.89823174e-01
7.89822340e-01
7.89821267e-01
7.89819777e-01
7.89817810e-01
7.89906800e-01
7.89903760e-01
7.89900541e-01
7.89936900e-01
7.89964318e-01
7.89948404e-01
7.90396988e-01
7.91537821e-01
7.95294881e-01
8.06208789e-01
8.37286353e-01
9.15700674e-01
1.09077895e+00
1.43186605e+00
1.97975552e+00
2.73997831e+00
3.65179825e+00
4.67920828e+00
7.89063454e-01
7.89061725e-01
7.89061189e-01
7.89060473e-01
7.89059460e-01
7.89058208e-01
7.89056480e-01
7.89054275e-01
7.89051473e-01
7.89048374e-01
7.89046109e-01
7.89059639e-01
7.89115608e-01
7.89513767e-01
7.90527582e-01
7.93848097e-01
8.03433359e-01
8.29264641e-01
8.93006623e-01
1.04383636e+00
1.33706176e+00
1.82624960e+00
2.53061438e+00
3.39868855e+00
4.38561392e+00
1.76496613e+00
1.99930274e+00
2.19744587e+00
2.37214327e+00
2.48348951e+00
2.55028725e+00
2.58383155e+00
2.59445977e+00
2.59427309e+00
2.58955002e+00
2.58389211e+00
2.57989025e+00
2.58156919e+00
2.59662771e+00
2.63071012e+00
2.69446230e+00
2.82708263e+00
3.11737847e+00
3.66889095e+00
4.48984337e+00
5.49615431e+00
6.58558750e+00
7.70342731e+00
8.83897877e+00
9.98239136e+00
1.53650749e+00
1.80873036e+00
2.07375836e+00
2.26660585e+00
2.43594885e+00
2.58043647e+00
2.66829729e+00
2.71456480e+00
2.72596645e+00
2.72749996e+00
2.72220445e+00
2.71467137e+00
2.70980167e+00
2.71045446e+00
2.72571588e+00
2.76468086e+00
2.83161020e+00
2.95803928e+00
3.23489261e+00
3.76360297e+00
4.55962896e+00
5.51789618e+00
6.55714941e+00
7.65920687e+00
8.79377842e+00
1.41364372e+00
1.64827895e+00
1.89856422e+00
2.15947819e+00
2.38123131e+00
2.53006458e+00
2.66612315e+00
2.77823877e+00
2.84176230e+00
2.86618710e+00
2.86624217e+00
2.86036992e+00
2.85279846e+00
2.84677410e+00
2.84783077e+00
2.86747479e+00
2.91581964e+00
2.99339461e+00
3.13467383e+00
3.42977333e+00
3.97556806e+00
4.70797777e+00
5.55528498e+00
6.55872393e+00
7.66469145e+00
1.30469084e+00
1.56241417e+00
1.79555678e+00
2.03240705e+00
2.27768803e+00
2.50633454e+00
2.67868996e+00
2.78158402e+00
2.88665962e+00
2.96449494e+00
3.00252461e+00
3.00834584e+00
3.00155520e+00
2.99286151e+00
2.98816824e+00
2.99640846e+00
3.02814794e+00
3.09054065e+00
3.19115758e+00
3.36693716e+00
3.71723962e+00
4.24083948e+00
4.81056786e+00
5.59403706e+00
6.62285519e+00
9.97706115e-01
1.41401374e+00
1.71664190e+00
1.96338260e+00
2.19121265e+00
2.41912150e+00
2.64257693e+00
2.83028984e+00
2.94426298e+00
3.01072216e+00
3.08891106e+00
3.13300824e+00
3.14463258e+00
3.13996577e+00
3.13401556e+00
3.13533401e+00
3.15760422e+00
3.20986390e+00
3.30002952e+00
3.43462849e+00
3.65712214e+00
4.03020716e+00
4.37690735e+00
4.83996058e+00
5.69318867e+00
3.44395459e-01
9.90630746e-01
1.50278962e+00
1.86890852e+00
2.14217782e+00
2.37139082e+00
2.58754301e+00
2.79832578e+00
2.98679972e+00
3.11405110e+00
3.17779613e+00
3.22797036e+00
3.27410245e+00
3.28827929e+00
3.28695273e+00
3.28895688e+00
3.30846858e+00
3.35796571e+00
3.44845390e+00
3.57750654e+00
3.74655890e+00
4.02142096e+00
4.20989084e+00
4.38055754e+00
4.94214153e+00
-4.94930446e-01
2.69158185e-01
9.74365413e-01
1.57256532e+00
2.01088095e+00
2.32170892e+00
2.56293344e+00
2.77401066e+00
2.97264123e+00
3.15194082e+00
3.28487062e+00
3.35806060e+00
3.39461160e+00
3.42916656e+00
3.44550967e+00
3.45268822e+00
3.47636819e+00
3.52896261e+00
3.62707472e+00
3.77281046e+00
3.94189358e+00
4.16831875e+00
4.25923681e+00
4.22034788e+00
4.44372129e+00
-1.33732176e+00
-5.70170403e-01
2.14133576e-01
9.64943886e-01
1.62577581e+00
2.13761330e+00
2.49260473e+00
2.75292325e+00
2.96386170e+00
3.15263057e+00
3.32257009e+00
3.45464540e+00
3.53588986e+00
3.58018875e+00
3.60504508e+00
3.62322474e+00
3.65474653e+00
3.71537566e+00
3.82489228e+00
3.98759246e+00
4.17838049e+00
4.38349771e+00
4.44213343e+00
4.28899860e+00
4.22709465e+00
-2.01852655e+00
-1.36177301e+00
-6.03748202e-01
1.90341160e-01
9.74066734e-01
1.68661523e+00
2.25486708e+00
2.65905881e+00
2.94173312e+00
3.15430045e+00
3.33387828e+00
3.49693775e+00
3.62802839e+00
3.71706796e+00
3.77384615e+00
3.80831337e+00
3.84570932e+00
3.91382456e+00
4.02990770e+00
4.20633411e+00
4.40981770e+00
4.61988497e+00
4.67208242e+00
4.48309326e+00
4.25110197e+00
-2.46181226e+00
-1.95392525e+00
-1.33230519e+00
-5.91771662e-01
2.03952655e-01
1.00833249e+00
1.75948465e+00
2.37147832e+00
2.81939244e+00
3.12564468e+00
3.34379792e+00
3.51684475e+00
3.67270398e+00
3.80293655e+00
3.89999723e+00
3.97468376e+00
4.03764486e+00
4.11633539e+00
4.23716640e+00
4.41424608e+00
4.63100147e+00
4.85434103e+00
4.91038990e+00
4.72242069e+00
4.41502094e+00
-2.69960093e+00
-2.31920791e+00
-1.84310651e+00
-1.25039601e+00
-5.36810458e-01
2.54518807e-01
1.07197285e+00
1.84720421e+00
2.49272633e+00
2.97601557e+00
3.30397892e+00
3.52957177e+00
3.69942355e+00
3.84679842e+00
3.97822404e+00
4.08836126e+00
4.19188452e+00
4.29964018e+00
4.43261051e+00
4.61401176e+00
4.83907366e+00
5.07897806e+00
5.14697266e+00
4.96848154e+00
4.63444281e+00
-2.77587318e+00
-2.49447894e+00
-2.14168310e+00
-1.69174600e+00
-1.12369704e+00
-4.38429028e-01
3.44675630e-01
1.16689956e+00
1.95343900e+00
2.62339878e+00
3.13238931e+00
3.48044777e+00
3.71320844e+00
3.88248777e+00
4.02356815e+00
4.15964460e+00
4.29620743e+00
4.44503212e+00
4.60923910e+00
4.80191994e+00
5.02953196e+00
5.29065084e+00
5.38025999e+00
5.20571756e+00
4.86696720e+00
-2.72839737e+00
-2.51196575e+00
-2.25275660e+00
-1.92413914e+00
-1.50002849e+00
-9.56044078e-01
-2.95175761e-01
4.72882420e-01
1.29473066e+00
2.08343410e+00
2.76814866e+00
3.29583430e+00
3.65889454e+00
3.89752340e+00
4.06709433e+00
4.20895529e+00
4.36250401e+00
4.54395199e+00
4.75037861e+00
4.97388268e+00
5.21048737e+00
5.48205900e+00
5.60307789e+00
5.43174505e+00
5.09418869e+00
-2.57581973e+00
-2.41243792e+00
-2.21149039e+00
-1.97018528e+00
-1.66674542e+00
-1.27005553e+00
-7.55575359e-01
-1.16450019e-01
6.35427952e-01
1.44840431e+00
2.23481750e+00
2.92472100e+00
3.46411419e+00
3.83861804e+00
4.08152199e+00
4.25625420e+00
4.41323662e+00
4.60433388e+00
4.84518051e+00
5.11221313e+00
5.37414265e+00
5.66183138e+00
5.81132412e+00
5.64599276e+00
5.31042004e+00
-2.35526848e+00
-2.22785616e+00
-2.07010937e+00
-1.87799764e+00
-1.65115130e+00
-1.36799479e+00
-1.00022328e+00
-5.19086003e-01
9.92315188e-02
8.35425436e-01
1.63413787e+00
2.41219497e+00
3.10048652e+00
3.64333463e+00
4.02329826e+00
4.27340126e+00
4.46160603e+00
4.65734005e+00
4.90648413e+00
5.21135712e+00
5.51261425e+00
5.82031965e+00
5.99801731e+00
5.84425497e+00
5.51454544e+00
-2.10851693e+00
-2.00773692e+00
-1.87582171e+00
-1.71567905e+00
-1.52914023e+00
-1.30830288e+00
-1.04062331e+00
-6.96748137e-01
-2.44292870e-01
3.48548621e-01
1.06605017e+00
1.84530354e+00
2.61105824e+00
3.29276276e+00
3.83471513e+00
4.21840382e+00
4.48213673e+00
4.70381117e+00
4.96007204e+00
5.27848196e+00
5.62266445e+00
5.95576763e+00
6.16451311e+00
6.02419662e+00
5.70707893e+00
-1.84576213e+00
-1.77244163e+00
-1.66355038e+00
-1.52418780e+00
-1.36094964e+00
-1.17349720e+00
-9.54027772e-01
-6.94670141e-01
-3.65795106e-01
6.48031905e-02
6.29949331e-01
1.32049501e+00
2.07552409e+00
2.82627606e+00
3.49972296e+00
4.03885365e+00
4.43082142e+00
4.72218990e+00
5.00315237e+00
5.33303452e+00
5.70280027e+00
6.06906128e+00
6.31007242e+00
6.19349909e+00
5.88950682e+00
-1.56308401e+00
-1.52414715e+00
-1.44005203e+00
-1.32077777e+00
-1.17438722e+00
-1.00509346e+00
-8.15518856e-01
-5.94664156e-01
-3.33970606e-01
-7.16791069e-03
4.10946190e-01
9.47712481e-01
1.60294914e+00
2.33039951e+00
3.06493258e+00
3.72834706e+00
4.26753902e+00
4.67778063e+00
5.02177000e+00
5.37779284e+00
5.76391792e+00
6.15732431e+00
6.43811417e+00
6.35354519e+00
6.06341362e+00
-1.23659337e+00
-1.25483656e+00
-1.20855105e+00
-1.11405921e+00
-9.84207392e-01
-8.30501437e-01
-6.55697227e-01
-4.59851623e-01
-2.33032405e-01
3.73224989e-02
3.68782282e-01
7.78597176e-01
1.28821909e+00
1.90507746e+00
2.60297823e+00
3.32207656e+00
3.97909260e+00
4.52858877e+00
4.97877169e+00
5.39516878e+00
5.81218624e+00
6.22685289e+00
6.54963970e+00
6.50423574e+00
6.22876740e+00
-8.71054411e-01
-9.40938830e-01
-9.44307029e-01
-8.88298213e-01
-7.85179555e-01
-6.50040269e-01
-4.91840422e-01
-3.11885536e-01
-1.05692796e-01
1.35375813e-01
4.19026256e-01
7.57473767e-01
1.16169548e+00
1.64716446e+00
2.23036695e+00
2.90372086e+00
3.60909224e+00
4.26967192e+00
4.84697199e+00
5.35903692e+00
5.83165884e+00
6.27041388e+00
6.64296007e+00
6.64857054e+00
6.39393902e+00
-5.10233819e-01
-6.08421743e-01
-6.53177500e-01
-6.38856232e-01
-5.69512308e-01
-4.59431380e-01
-3.19767833e-01
-1.56170025e-01
3.22030038e-02
2.51384825e-01
5.07522285e-01
8.04013252e-01
1.14803028e+00
1.54532456e+00
2.01336575e+00
2.57409239e+00
3.22969365e+00
3.93110371e+00
4.61284828e+00
5.24122334e+00
5.80315733e+00
6.29860258e+00
6.71562529e+00
6.77984381e+00
6.55844641e+00
-1.26865357e-01
-1.58395931e-01
-2.15969145e-01
-2.49862731e-01
-2.34169394e-01
-1.68205529e-01
-6.15082905e-02
7.46198297e-02
2.37627998e-01
4.30893630e-01
6.55775249e-01
9.15900707e-01
1.20964634e+00
1.53987885e+00
1.91383076e+00
2.34235597e+00
2.84773159e+00
3.45203471e+00
4.15143490e+00
4.90328503e+00
5.62144947e+00
6.24638605e+00
6.76520729e+00
6.93083143e+00
6.78460979e+00
-7.47697651e-02
3.38403769e-02
9.14547145e-02
1.00731403e-01
9.93272588e-02
1.24755286e-01
1.90971166e-01
2.95294672e-01
4.29329842e-01
5.94589591e-01
7.91257858e-01
1.02211630e+00
1.28749228e+00
1.58718598e+00
1.91965437e+00
2.29183650e+00
2.71378207e+00
3.20312643e+00
3.78931499e+00
4.49990368e+00
5.29431963e+00
6.05065536e+00
6.70591784e+00
7.00140047e+00
6.96665525e+00
-2.77893782e-01
-6.54136091e-02
1.06551722e-01
2.37263218e-01
3.21692109e-01
3.73059422e-01
4.23877090e-01
4.98585969e-01
6.04012132e-01
7.39318907e-01
9.07936692e-01
1.11353195e+00
1.35565913e+00
1.63580704e+00
1.95418262e+00
2.30654049e+00
2.69539285e+00
3.13257813e+00
3.63821411e+00
4.24769354e+00
4.98179531e+00
5.76850653e+00
6.52638531e+00
6.97113991e+00
7.08078623e+00
-6.96186900e-01
-4.12587166e-01
-1.37614056e-01
1.00152783e-01
2.92691261e-01
4.47117418e-01
5.62862813e-01
6.56932533e-01
7.52882063e-01
8.68868709e-01
1.01500499e+00
1.19416678e+00
1.41509604e+00
1.68120074e+00
1.99154925e+00
2.34094739e+00
2.72274733e+00
3.14187074e+00
3.61316895e+00
4.16420984e+00
4.81895733e+00
5.54501200e+00
6.31472874e+00
6.86184502e+00
7.11560774e+00
-1.38672650e+00
-9.61003304e-01
-6.12993896e-01
-2.81619579e-01
2.29404606e-02
2.81466037e-01
4.99721169e-01
6.86363757e-01
8.46040249e-01
9.89499748e-01
1.13679159e+00
1.30436313e+00
1.50687408e+00
1.75616348e+00
2.05613756e+00
2.40095115e+00
2.78126860e+00
3.19661355e+00
3.65544510e+00
4.17580891e+00
4.77921820e+00
5.44690466e+00
6.17486763e+00
6.75937891e+00
7.10663509e+00
-2.34492373e+00
-1.90866184e+00
-1.33250189e+00
-8.68217409e-01
-4.71015722e-01
-1.02236152e-01
2.28141204e-01
5.17163873e-01
7.85872638e-01
1.04005671e+00
1.26511562e+00
1.46692300e+00
1.67058194e+00
1.90278387e+00
2.18154836e+00
2.51146102e+00
2.88479757e+00
3.29609680e+00
3.74669957e+00
4.24694681e+00
4.81474018e+00
5.43103266e+00
6.11692381e+00
6.72154570e+00
7.11833191e+00
-3.11896253e+00
-2.82241511e+00
-2.34224582e+00
-1.74003196e+00
-1.15604329e+00
-6.75503552e-01
-2.37412393e-01
1.66112483e-01
5.37866950e-01
9.09048021e-01
1.28369546e+00
1.61195183e+00
1.88129067e+00
2.12736583e+00
2.39022470e+00
2.69621372e+00
3.05159092e+00
3.45115566e+00
3.89065599e+00
4.37129211e+00
4.90786362e+00
5.48021555e+00
6.12689972e+00
6.75148535e+00
7.18254995e+00
-3.68439627e+00
-3.52758050e+00
-3.19311762e+00
-2.69434834e+00
-2.05720186e+00
-1.40548885e+00
-8.47494304e-01
-3.42601180e-01
1.29690573e-01
5.96910059e-01
1.09152126e+00
1.59719729e+00
2.03322268e+00
2.37209058e+00
2.66028786e+00
2.95323253e+00
3.28567863e+00
3.66551638e+00
4.08710766e+00
4.54845715e+00
5.06073236e+00
5.60100365e+00
6.21369076e+00
6.84152126e+00
7.30207682e+00
-4.21375227e+00
-4.04089117e+00
-3.82025504e+00
-3.46402740e+00
-2.93080783e+00
-2.24552011e+00
-1.56203938e+00
-9.46193397e-01
-3.87382209e-01
1.54027075e-01
7.29911268e-01
1.35870516e+00
1.98893929e+00
2.52011585e+00
2.92161965e+00
3.24985218e+00
3.57375884e+00
3.93362284e+00
4.33856630e+00
4.78575993e+00
5.27740479e+00
5.78902102e+00
6.37227154e+00
6.98788977e+00
7.46754456e+00
-4.77102327e+00
-4.60776520e+00
-4.34302235e+00
-4.04600668e+00
-3.62319112e+00
-3.02642274e+00
-2.30454540e+00
-1.59874809e+00
-9.47003484e-01
-3.47663641e-01
2.68980920e-01
9.65096295e-01
1.72283018e+00
2.45553327e+00
3.06372356e+00
3.51680923e+00
3.87587357e+00
4.21907949e+00
4.59695387e+00
5.02578974e+00
5.50208807e+00
6.00315619e+00
6.56141806e+00
7.15881395e+00
7.65455818e+00
-5.32217741e+00
-5.21012354e+00
-5.07728529e+00
-4.89780283e+00
-4.58257008e+00
-4.06515884e+00
-3.37863898e+00
-2.62807679e+00
-1.88699150e+00
-1.18627262e+00
-5.22043884e-01
1.80824518e-01
1.00388145e+00
1.91509748e+00
2.82164454e+00
3.63174224e+00
4.26967478e+00
4.74460220e+00
5.14385176e+00
5.55038834e+00
6.00322151e+00
6.48926401e+00
7.02474403e+00
7.58720350e+00
8.08416748e+00
-5.91488647e+00
-5.76058388e+00
-5.58416557e+00
-5.38259935e+00
-5.14585638e+00
-4.81553745e+00
-4.30612230e+00
-3.55997944e+00
-2.72676682e+00
-1.93690968e+00
-1.21239316e+00
-5.14804244e-01
2.55861729e-01
1.16648436e+00
2.17637324e+00
3.20143628e+00
4.16312408e+00
4.97612619e+00
5.59153700e+00
6.06754065e+00
6.51198959e+00
6.99996090e+00
7.52448511e+00
8.07444763e+00
8.57175636e+00
-6.47780609e+00
-6.36306858e+00
-6.19834614e+00
-5.98643780e+00
-5.72489309e+00
-5.35241652e+00
-4.85323191e+00
-4.20714808e+00
-3.45908117e+00
-2.65196323e+00
-1.84345245e+00
-1.07288933e+00
-3.19209605e-01
5.10990202e-01
1.47493720e+00
2.53893805e+00
3.63841963e+00
4.70606947e+00
5.65711975e+00
6.40584660e+00
6.97569084e+00
7.48325825e+00
8.01423645e+00
8.56566525e+00
9.09948349e+00
-6.64385796e+00
-6.57680511e+00
-6.49702406e+00
-6.38875580e+00
-6.22017717e+00
-5.96609449e+00
-5.56422567e+00
-4.94242191e+00
-4.12198114e+00
-3.24446845e+00
-2.41917682e+00
-1.62334490e+00
-8.24843287e-01
8.62823240e-03
9.21117902e-01
1.92488194e+00
3.01416612e+00
4.15700436e+00
5.29705906e+00
6.34884357e+00
7.21047878e+00
7.87238312e+00
8.45207882e+00
9.03055286e+00
9.60661793e+00
-6.77308989e+00
-6.67983580e+00
-6.57849455e+00
-6.47624540e+00
-6.37620020e+00
-6.24162579e+00
-6.01301432e+00
-5.61320782e+00
-4.96114826e+00
-4.08778048e+00
-3.12229419e+00
-2.18705249e+00
-1.31659782e+00
-4.64944005e-01
4.40512151e-01
1.43280303e+00
2.49106097e+00
3.60342026e+00
4.77154589e+00
5.95825100e+00
7.08074522e+00
8.02344131e+00
8.76811409e+00
9.41431904e+00
1.00466337e+01
-7.02780867e+00
-6.91260004e+00
-6.74722385e+00
-6.54790926e+00
-6.37374973e+00
-6.21518183e+00
-6.04098892e+00
-5.78412247e+00
-5.33860922e+00
-4.66342497e+00
-3.80880928e+00
-2.86746526e+00
-1.90253532e+00
-9.50796545e-01
-7.88236223e-03
1.11835647e+00
2.02932143e+00
3.14306760e+00
4.29425144e+00
5.48307705e+00
6.70258808e+00
7.86779594e+00
8.86212921e+00
9.66539478e+00
1.03789778e+01
-7.16239357e+00
-7.11439085e+00
-7.01825857e+00
-6.85104990e+00
-6.61197805e+00
-6.32514095e+00
-6.02767038e+00
-5.73358774e+00
-5.36635923e+00
-4.84329939e+00
-4.13664818e+00
-3.31182218e+00
-2.41707373e+00
-1.47587931e+00
-4.94852811e-01
5.28846920e-01
1.59542060e+00
2.71022892e+00
3.87262106e+00
5.06634426e+00
6.28548193e+00
7.52961159e+00
8.71319103e+00
9.72642231e+00
1.05785942e+01
-7.15731525e+00
-7.13500500e+00
-7.09896374e+00
-7.02576065e+00
-6.88508606e+00
-6.65147591e+00
-6.33475304e+00
-5.93774176e+00
-5.44012928e+00
-4.86235142e+00
-4.20960426e+00
-3.47692871e+00
-2.67740035e+00
-1.82209420e+00
-9.05014157e-01
8.79392773e-02
1.16136479e+00
2.29601884e+00
3.46989369e+00
4.67820692e+00
5.91077042e+00
7.16567612e+00
8.42534351e+00
9.59941006e+00
1.06180811e+01
-7.17834616e+00
-7.13786602e+00
-7.08585262e+00
-7.01731968e+00
-6.92675400e+00
-6.78475761e+00
-6.55408287e+00
-6.22813988e+00
-5.77784967e+00
-5.14778519e+00
-4.37054634e+00
-3.56522179e+00
-2.77348089e+00
-1.97176290e+00
-1.12913418e+00
-2.14333028e-01
7.97026336e-01
1.90278316e+00
3.08030462e+00
4.30242205e+00
5.55139494e+00
6.81705046e+00
8.10347652e+00
9.37497997e+00
1.05101700e+01
-7.10976076e+00
-7.09233522e+00
-7.06867981e+00
-7.03090429e+00
-6.95761538e+00
-6.82584953e+00
-6.61991501e+00
-6.34174156e+00
-5.97474718e+00
-5.45682049e+00
-4.73533869e+00
-3.86086822e+00
-2.94870138e+00
-2.06868458e+00
-1.22191203e+00
-3.61562312e-01
5.71997285e-01
1.60723448e+00
2.73682332e+00
3.94208288e+00
5.19678497e+00
6.46952152e+00
7.76837111e+00
9.09811974e+00
1.02947302e+01
-6.98058796e+00
-6.96751213e+00
-6.94712591e+00
-6.91522264e+00
-6.87212467e+00
-6.80713415e+00
-6.67911386e+00
-6.43558025e+00
-6.07169390e+00
-5.59669876e+00
-4.96713161e+00
-4.17014503e+00
-3.26984859e+00
-2.32671380e+00
-1.37612224e+00
-4.47687238e-01
4.67675745e-01
1.43144834e+00
2.48779225e+00
3.63544393e+00
4.85771132e+00
6.12075663e+00
7.42147446e+00
8.75728035e+00
9.99231529e+00
-6.77560902e+00
-6.74766827e+00
-6.72395849e+00
-6.70581007e+00
-6.68320942e+00
-6.63971376e+00
-6.54921436e+00
-6.38148165e+00
-6.10689020e+00
-5.69187689e+00
-5.12119961e+00
-4.38161230e+00
-3.52420664e+00
-2.61659956e+00
-1.67238200e+00
-6.94488168e-01
3.09563667e-01
1.31246364e+00
2.32460713e+00
3.39840341e+00
4.55577230e+00
5.77719784e+00
7.05190802e+00
8.36917686e+00
9.62729740e+00
-6.45727110e+00
-6.43497419e+00
-6.40182877e+00
-6.35403681e+00
-6.31189632e+00
-6.27293205e+00
-6.22724533e+00
-6.13959169e+00
-5.94871521e+00
-5.61304188e+00
-5.13322258e+00
-4.50979900e+00
-3.74897814e+00
-2.89053154e+00
-1.97447026e+00
-1.02018976e+00
-2.23274641e-02
1.02564287e+00
2.10652399e+00
3.18443155e+00
4.28276348e+00
5.44314718e+00
6.65659904e+00
7.91429234e+00
9.14824486e+00
-5.81425667e+00
-5.80772352e+00
-5.79717922e+00
-5.77664423e+00
-5.74883366e+00
-5.70713902e+00
-5.64112377e+00
-5.56138849e+00
-5.44740772e+00
-5.24898291e+00
-4.91592073e+00
-4.43307209e+00
-3.81792665e+00
-3.09547663e+00
-2.27690530e+00
-1.37538087e+00
-4.11641777e-01
6.07287169e-01
1.68480480e+00
2.80339980e+00
3.94037271e+00
5.07942009e+00
6.23339748e+00
7.40813160e+00
8.59797382e+00
-4.84501696e+00
-4.84384966e+00
-4.84092331e+00
-4.83505821e+00
-4.82672739e+00
-4.81133890e+00
-4.78203487e+00
-4.73770618e+00
-4.66578054e+00
-4.53474283e+00
-4.33851528e+00
-4.04781723e+00
-3.64172721e+00
-3.10966325e+00
-2.45354223e+00
-1.68509591e+00
-8.14163804e-01
1.44735396e-01
1.17601740e+00
2.27403808e+00
3.41226578e+00
4.58976364e+00
5.75812531e+00
6.90285206e+00
8.01117325e+00
-3.69404745e+00
-3.69322491e+00
-3.69234920e+00
-3.69127536e+00
-3.68948340e+00
-3.68546176e+00
-3.67793083e+00
-3.66588998e+00
-3.64198613e+00
-3.60050368e+00
-3.52360129e+00
-3.38508511e+00
-3.16256618e+00
-2.84187841e+00
-2.39948797e+00
-1.82121706e+00
-1.10906088e+00
-2.76126564e-01
6.67941332e-01
1.70550311e+00
2.81024194e+00
3.97183442e+00
5.17156601e+00
6.35105515e+00
7.46253443e+00
-2.68356252e+00
-2.68244171e+00
-2.68085599e+00
-2.67896533e+00
-2.67653394e+00
-2.67322874e+00
-2.66871929e+00
-2.66154766e+00
-2.64894629e+00
-2.62945580e+00
-2.60136724e+00
-2.55657005e+00
-2.47421098e+00
-2.32347202e+00
-2.07472920e+00
-1.70544469e+00
-1.19547844e+00
-5.38247585e-01
2.59309381e-01
1.18765628e+00
2.23049998e+00
3.34579396e+00
4.53238487e+00
5.73177624e+00
6.88915157e+00
-2.09444785e+00
-2.09234428e+00
-2.08785033e+00
-2.08294010e+00
-2.07678890e+00
-2.06918836e+00
-2.05862236e+00
-2.04248190e+00
-2.01763225e+00
-1.97815752e+00
-1.91670275e+00
-1.84544873e+00
-1.77707398e+00
-1.69738150e+00
-1.57428479e+00
-1.36905229e+00
-1.04855263e+00
-5.86968005e-01
3.09605878e-02
8.06788743e-01
1.72782242e+00
2.77759242e+00
3.92521310e+00
5.12216568e+00
6.31047201e+00
-2.11746836e+00
-2.11655736e+00
-2.11468530e+00
-2.10972381e+00
-2.09987593e+00
-2.08822942e+00
-2.07341385e+00
-2.05186582e+00
-2.01950479e+00
-1.96368170e+00
-1.86265337e+00
-1.69927204e+00
-1.48974633e+00
-1.29532695e+00
-1.13589382e+00
-9.76912379e-01
-7.67138958e-01
-4.58438039e-01
-1.22494549e-02
5.96116662e-01
1.37363684e+00
2.30849552e+00
3.37760854e+00
4.54476547e+00
5.74737978e+00
-2.57836103e+00
-2.57828164e+00
-2.57783031e+00
-2.57672286e+00
-2.57386994e+00
-2.56640387e+00
-2.55182266e+00
-2.53474283e+00
-2.51030469e+00
-2.46998119e+00
-2.39695454e+00
-2.25505042e+00
-1.99367654e+00
-1.61856914e+00
-1.22756922e+00
-8.91183436e-01
-6.06609702e-01
-3.20888579e-01
3.17165256e-02
5.09748518e-01
1.14806151e+00
1.95137203e+00
2.91346717e+00
4.01830053e+00
5.20377398e+00
-3.15965009e+00
-3.15947437e+00
-3.15971613e+00
-3.15965533e+00
-3.15921092e+00
-3.15797877e+00
-3.15436149e+00
-3.14348316e+00
-3.12516189e+00
-3.10096192e+00
-3.06152630e+00
-2.98337579e+00
-2.81733656e+00
-2.49999905e+00
-2.01750779e+00
-1.46166134e+00
-9.39433873e-01
-4.74865556e-01
-4.50740047e-02
4.15286094e-01
9.77739930e-01
1.68122327e+00
2.53113580e+00
3.53385711e+00
4.66926336e+00
-3.71260929e+00
-3.71267104e+00
-3.71269059e+00
-3.71268058e+00
-3.71267724e+00
-3.71265364e+00
-3.71213150e+00
-3.71060085e+00
-3.70523930e+00
-3.69016504e+00
-3.66633821e+00
-3.62605596e+00
-3.54234600e+00
-3.35639143e+00
-2.98732400e+00
-2.43390322e+00
-1.78307378e+00
-1.11961222e+00
-4.87732172e-01
1.08457968e-01
7.16244042e-01
1.40034354e+00
2.19439340e+00
3.11130214e+00
4.16258192e+00
-4.19097376e+00
-4.19104767e+00
-4.19107294e+00
-4.19108105e+00
-4.19108152e+00
-4.19106483e+00
-4.19103956e+00
-4.19092083e+00
-4.18986559e+00
-4.18676376e+00
-4.17641973e+00
-4.15264320e+00
-4.10695267e+00
-4.01035309e+00
-3.79002523e+00
-3.37118411e+00
-2.75573301e+00
-2.03681970e+00
-1.27722633e+00
-5.14203727e-01
2.37654775e-01
9.99908745e-01
1.80993569e+00
2.69480157e+00
3.68608618e+00
-4.59062576e+00
-4.59071350e+00
-4.59074402e+00
-4.59075403e+00
-4.59075642e+00
-4.59075403e+00
-4.59074259e+00
-4.59070539e+00
-4.59058428e+00
-4.58990574e+00
-4.58741951e+00
-4.57923603e+00
-4.55519915e+00
-4.50234461e+00
-4.37839365e+00
-4.10554123e+00
-3.61831951e+00
-2.95114064e+00
-2.17514992e+00
-1.33803272e+00
-4.54379678e-01
4.27922010e-01
1.30963969e+00
2.23298955e+00
3.20675278e+00
-4.91249800e+00
-4.91260099e+00
-4.91263676e+00
-4.91264868e+00
-4.91265249e+00
-4.91265249e+00
-4.91264725e+00
-4.91262865e+00
-4.91256857e+00
-4.91235304e+00
-4.91171026e+00
-4.90900517e+00
-4.89954281e+00
-4.87187719e+00
-4.80261135e+00
-4.63534117e+00
-4.28608513e+00
-3.72243547e+00
-2.99727249e+00
-2.17268848e+00
-1.22927928e+00
-2.56535143e-01
7.14605689e-01
1.70407367e+00
2.69557476e+00
-5.17113066e+00
-5.17125082e+00
-5.17129326e+00
-5.17130756e+00
-5.17131233e+00
-5.17128611e+00
-5.17128372e+00
-5.17127419e+00
-5.17124367e+00
-5.17113733e+00
-5.17071676e+00
-5.16946936e+00
-5.16560698e+00
-5.15272856e+00
-5.11513758e+00
-5.01332998e+00
-4.77571106e+00
-4.33403587e+00
-3.68819666e+00
-2.90250826e+00
-1.99257004e+00
-9.45032656e-01
7.74591938e-02
1.13224113e+00
2.15566659e+00
-8.29494762e+00
-7.34055853e+00
-6.39600086e+00
-5.49870348e+00
-4.64833260e+00
-3.82903147e+00
-2.98825836e+00
-2.06861567e+00
-1.15505803e+00
-3.87400895e-01
2.50179350e-01
7.83975840e-01
1.22498536e+00
1.57730448e+00
1.86963475e+00
2.18301892e+00
2.64738107e+00
3.32973075e+00
4.16660881e+00
4.95708561e+00
5.31814766e+00
4.96647263e+00
4.32079124e+00
4.01363707e+00
4.30561876e+00
-8.11225224e+00
-7.26406527e+00
-6.35919714e+00
-5.42766476e+00
-4.51010799e+00
-3.62482166e+00
-2.76275730e+00
-1.90234530e+00
-1.01403069e+00
-1.44967809e-01
5.71975470e-01
1.08577847e+00
1.41856468e+00
1.62428010e+00
1.76925838e+00
1.90243447e+00
2.10077763e+00
2.47991204e+00
3.12134337e+00
3.97069979e+00
4.72721148e+00
4.81388855e+00
4.27139616e+00
3.84097672e+00
3.86591554e+00
-7.75602055e+00
-6.96881723e+00
-6.14597702e+00
-5.27291393e+00
-4.35062170e+00
-3.41298509e+00
-2.49730492e+00
-1.61355698e+00
-7.55572498e-01
7.37300441e-02
8.10950100e-01
1.32172155e+00
1.57872248e+00
1.67867637e+00
1.71503234e+00
1.73935175e+00
1.80324674e+00
1.94833088e+00
2.27314973e+00
2.89345860e+00
3.72661114e+00
4.31319046e+00
4.15971470e+00
3.77261400e+00
3.69011259e+00
-7.32739019e+00
-6.53630257e+00
-5.75711250e+00
-4.96212673e+00
-4.12203741e+00
-3.22134256e+00
-2.28112149e+00
-1.35484123e+00
-4.73825097e-01
3.45741212e-01
1.05307162e+00
1.54389966e+00
1.75855803e+00
1.78659260e+00
1.74914885e+00
1.70635235e+00
1.68012357e+00
1.69485366e+00
1.80682707e+00
2.13160038e+00
2.78734756e+00
3.51277328e+00
3.83254385e+00
3.68416357e+00
3.62202740e+00
-6.93607855e+00
-6.06580448e+00
-5.24890900e+00
-4.47169018e+00
-3.70172739e+00
-2.90184546e+00
-2.04408455e+00
-1.13569558e+00
-2.39240065e-01
5.74926853e-01
1.27103043e+00
1.76283991e+00
1.96890998e+00
1.95749068e+00
1.86186433e+00
1.76207507e+00
1.68285036e+00
1.63414073e+00
1.64222050e+00
1.77914679e+00
2.20528579e+00
2.78985381e+00
3.27185607e+00
3.45773482e+00
3.54492307e+00
-6.65641260e+00
-5.69672871e+00
-4.78518772e+00
-3.93995070e+00
-3.15326047e+00
-2.39804745e+00
-1.63742948e+00
-8.40175450e-01
-6.59596827e-03
7.91732311e-01
1.43856800e+00
1.89684892e+00
2.15785098e+00
2.18283105e+00
2.06657410e+00
1.91567993e+00
1.78445721e+00
1.68819821e+00
1.64528036e+00
1.69750190e+00
1.95465958e+00
2.37340379e+00
2.75776267e+00
3.08430171e+00
3.37331343e+00
-6.47384930e+00
-5.43698835e+00
-4.44229555e+00
-3.50084805e+00
-2.62822533e+00
-1.82782519e+00
-1.08305800e+00
-3.66333246e-01
3.44910979e-01
1.04270494e+00
1.65174425e+00
2.06577349e+00
2.27233982e+00
2.36068368e+00
2.30240083e+00
2.14369893e+00
1.96891522e+00
1.82649386e+00
1.74833131e+00
1.75588036e+00
1.92229140e+00
2.20362592e+00
2.48552084e+00
2.76415277e+00
3.13345790e+00
-6.39698601e+00
-5.29876328e+00
-4.22617960e+00
-3.20639515e+00
-2.24555206e+00
-1.35665488e+00
-5.54458261e-01
1.61515325e-01
8.02951515e-01
1.37650418e+00
1.87389493e+00
2.25469136e+00
2.47554731e+00
2.54758883e+00
2.51253200e+00
2.40344357e+00
2.22594166e+00
2.05066109e+00
1.94475913e+00
1.93478322e+00
2.05328441e+00
2.22391200e+00
2.40351129e+00
2.62712407e+00
2.97326970e+00
-6.42448902e+00
-5.31177139e+00
-4.19317913e+00
-3.10228777e+00
-2.06711316e+00
-1.10177147e+00
-2.19656467e-01
5.51662982e-01
1.19519365e+00
1.71018445e+00
2.10937881e+00
2.41327691e+00
2.63342261e+00
2.75766206e+00
2.78119779e+00
2.71368504e+00
2.56908107e+00
2.40039587e+00
2.28700280e+00
2.26553845e+00
2.34740353e+00
2.41516662e+00
2.47486401e+00
2.62396383e+00
2.94189429e+00
-6.47707844e+00
-5.38277769e+00
-4.25699043e+00
-3.13405776e+00
-2.04099083e+00
-1.01031661e+00
-6.70334548e-02
7.67852545e-01
1.45685816e+00
1.97676992e+00
2.34176850e+00
2.59058285e+00
2.77205276e+00
2.90989709e+00
2.99377894e+00
3.01683497e+00
2.96986938e+00
2.87419748e+00
2.78158522e+00
2.75243163e+00
2.81054235e+00
2.76823187e+00
2.65202093e+00
2.68747401e+00
2.99159980e+00
-6.43043804e+00
-5.41316652e+00
-4.31336355e+00
-3.19014549e+00
-2.07737112e+00
-1.00827789e+00
-2.16155685e-02
8.48354042e-01
1.57926869e+00
2.13932681e+00
2.52160597e+00
2.76709342e+00
2.92642713e+00
3.04412222e+00
3.15033889e+00
3.23172569e+00
3.28549099e+00
3.30339861e+00
3.29882956e+00
3.31455064e+00
3.34151030e+00
3.21026182e+00
2.92195559e+00
2.81040049e+00
3.08313656e+00
-5.99198246e+00
-5.15285349e+00
-4.16240406e+00
-3.08550525e+00
-1.98590648e+00
-9.17881608e-01
6.39927536e-02
9.17168558e-01
1.62960577e+00
2.20397544e+00
2.62793994e+00
2.90652585e+00
3.08136630e+00
3.19810915e+00
3.29098487e+00
3.39454508e+00
3.50666261e+00
3.63132572e+00
3.75237894e+00
3.84748101e+00
3.86980581e+00
3.68476105e+00
3.28176904e+00
2.99208927e+00
3.20510030e+00
-5.37578678e+00
-4.64446688e+00
-3.82751822e+00
-2.90132737e+00
-1.88569319e+00
-8.52272272e-01
1.04999967e-01
9.10355926e-01
1.56503451e+00
2.11374736e+00
2.57800579e+00
2.93554449e+00
3.17629528e+00
3.33018231e+00
3.43992996e+00
3.54371405e+00
3.67982244e+00
3.86342788e+00
4.09151888e+00
4.28409433e+00
4.34160471e+00
4.13096714e+00
3.66557145e+00
3.22761321e+00
3.35193753e+00
-5.30338907e+00
-4.51031208e+00
-3.57952809e+00
-2.68007946e+00
-1.77491033e+00
-8.37240160e-01
7.80565962e-02
8.57124269e-01
1.45371425e+00
1.94879651e+00
2.40629911e+00
2.82579374e+00
3.16754913e+00
3.40415454e+00
3.56320858e+00
3.69014812e+00
3.83760047e+00
4.04702139e+00
4.32698870e+00
4.60377312e+00
4.72074509e+00
4.49817848e+00
4.01403427e+00
3.52080154e+00
3.52250195e+00
-4.87904739e+00
-4.95048952e+00
-4.40287066e+00
-3.34297156e+00
-2.23114324e+00
-1.19688559e+00
-2.43348464e-01
5.97931862e-01
1.25658727e+00
1.74834275e+00
2.18271470e+00
2.61572242e+00
3.03145361e+00
3.37680745e+00
3.62420201e+00
3.80616522e+00
3.97808862e+00
4.20298910e+00
4.50358772e+00
4.83302593e+00
4.96925020e+00
4.75357914e+00
4.30288601e+00
3.85854840e+00
3.71647620e+00
-3.96501756e+00
-4.31277847e+00
-4.64263201e+00
-4.48652458e+00
-3.57875562e+00
-2.39448428e+00
-1.23459578e+00
-1.77522808e-01
7.21182644e-01
1.40284562e+00
1.90777349e+00
2.35271072e+00
2.79992247e+00
3.22840071e+00
3.58861399e+00
3.86263633e+00
4.09118462e+00
4.34080124e+00
4.65389061e+00
5.00454664e+00
5.14885283e+00
4.92280245e+00
4.53478622e+00
4.22198439e+00
3.96048093e+00
-3.03400540e+00
-3.39195704e+00
-3.85908008e+00
-4.30586672e+00
-4.43922281e+00
-3.82319975e+00
-2.70546293e+00
-1.50850213e+00
-3.79661679e-01
6.13062680e-01
1.39774704e+00
1.98922849e+00
2.49115252e+00
2.97421002e+00
3.43061209e+00
3.82161880e+00
4.14420652e+00
4.44859505e+00
4.78672791e+00
5.14055014e+00
5.27186537e+00
5.04046106e+00
4.72903633e+00
4.56641054e+00
4.25517797e+00
-2.16162586e+00
-2.48894310e+00
-2.95651317e+00
-3.47310877e+00
-3.96332359e+00
-4.24177313e+00
-3.90976095e+00
-2.94276285e+00
-1.77673447e+00
-6.17519975e-01
4.42186385e-01
1.33020556e+00
2.02907228e+00
2.61341715e+00
3.15468168e+00
3.65664792e+00
4.10185957e+00
4.49592113e+00
4.87964058e+00
5.24043608e+00
5.35841656e+00
5.13613510e+00
4.91048431e+00
4.88153315e+00
4.57351112e+00
-1.42696047e+00
-1.66075742e+00
-2.08413625e+00
-2.58769059e+00
-3.10833526e+00
-3.60230637e+00
-3.94933701e+00
-3.81106091e+00
-3.03229165e+00
-1.95614660e+00
-8.18433642e-01
2.71487564e-01
1.24064136e+00
2.04545975e+00
2.72623253e+00
3.34650874e+00
3.91949773e+00
4.43874836e+00
4.90510416e+00
5.29586887e+00
5.41692638e+00
5.22925758e+00
5.10083580e+00
5.17574739e+00
4.89440250e+00
-9.62970018e-01
-1.00722420e+00
-1.30344248e+00
-1.74791217e+00
-2.24339867e+00
-2.73800564e+00
-3.19329596e+00
-3.53093076e+00
-3.51192188e+00
-2.90815258e+00
-1.95446825e+00
-9.01464224e-01
1.70058653e-01
1.17330205e+00
2.06490684e+00
2.84931779e+00
3.57056427e+00
4.23234367e+00
4.81809521e+00
5.27109003e+00
5.42966795e+00
5.31928825e+00
5.30720663e+00
5.45771980e+00
5.19561100e+00
-7.72380769e-01
-6.49422646e-01
-7.10602343e-01
-1.00084996e+00
-1.42385757e+00
-1.88512719e+00
-2.32418418e+00
-2.68003345e+00
-2.86965799e+00
-2.82121658e+00
-2.44056940e+00
-1.68883669e+00
-7.64067888e-01
2.23463729e-01
1.18606603e+00
2.12190866e+00
2.99552703e+00
3.81767273e+00
4.55161953e+00
5.11320877e+00
5.36504793e+00
5.39653063e+00
5.52590513e+00
5.73256063e+00
5.47111177e+00
-6.56697154e-01
-4.38519537e-01
-2.94234157e-01
-2.69768506e-01
-4.21279877e-01
-7.20492065e-01
-1.05915976e+00
-1.33653283e+00
-1.51874614e+00
-1.55875707e+00
-1.45151818e+00
-1.19930565e+00
-7.90043950e-01
-2.08969146e-01
4.75947082e-01
1.20032012e+00
2.02316618e+00
2.91144395e+00
3.78587723e+00
4.55746222e+00
5.08492374e+00
5.46389151e+00
5.84804916e+00
6.11840010e+00
5.82796621e+00
-6.79019570e-01
-4.51823860e-01
-1.18696705e-01
1.62578687e-01
2.82102972e-01
2.38829404e-01
1.02065295e-01
-7.20223859e-02
-2.15460524e-01
-2.73320138e-01
-2.18181178e-01
-4.43612188e-02
2.55622268e-01
6.49177909e-01
1.08301795e+00
1.54740512e+00
2.06781340e+00
2.67674780e+00
3.39027214e+00
4.14426661e+00
4.86704969e+00
5.55742931e+00
6.14856672e+00
6.46210957e+00
6.12794399e+00
-6.91216946e-01
-5.54864883e-01
-2.58268476e-01
2.18967497e-01
6.86574876e-01
9.78667259e-01
1.07472408e+00
1.04386866e+00
9.66151357e-01
9.18764889e-01
9.49357927e-01
1.08787787e+00
1.29876482e+00
1.60169160e+00
1.94059157e+00
2.31624508e+00
2.73869181e+00
3.22777700e+00
3.81055403e+00
4.45560884e+00
5.12722969e+00
5.81990433e+00
6.45338726e+00
6.76103020e+00
6.38058424e+00
-7.49680340e-01
-6.43993020e-01
-4.45252270e-01
-4.11407128e-02
5.76819658e-01
1.22824824e+00
1.70512092e+00
1.93536532e+00
2.01306868e+00
2.06240916e+00
2.12082243e+00
2.18137360e+00
2.30840111e+00
2.50686145e+00
2.73274040e+00
2.99950957e+00
3.36812687e+00
3.81896591e+00
4.36769629e+00
4.98225784e+00
5.61632919e+00
6.23922348e+00
6.80125523e+00
7.03413200e+00
6.59558773e+00
-8.37193906e-01
-7.28281319e-01
-5.89993715e-01
-3.04582566e-01
2.30485812e-01
9.77734506e-01
1.75760198e+00
2.37679052e+00
2.80665517e+00
3.07417107e+00
3.14240670e+00
3.18979812e+00
3.26181531e+00
3.35600138e+00
3.45625281e+00
3.63539529e+00
3.92545891e+00
4.32974100e+00
4.85616159e+00
5.46678972e+00
6.10044670e+00
6.69918537e+00
7.18739223e+00
7.30315018e+00
6.79653740e+00
-8.88878226e-01
-7.97967672e-01
-6.90911412e-01
-4.98961776e-01
-9.63442475e-02
5.79656422e-01
1.42710364e+00
2.28369594e+00
3.12422132e+00
3.65681672e+00
3.89327884e+00
4.01209068e+00
4.08498955e+00
4.09475756e+00
4.09826374e+00
4.21433210e+00
4.43661737e+00
4.78904581e+00
5.28642321e+00
5.88120699e+00
6.51204157e+00
7.10187626e+00
7.53898573e+00
7.54842091e+00
6.99697113e+00
-7.99962699e-01
-7.85537958e-01
-7.39956558e-01
-6.21757805e-01
-3.41171294e-01
2.08876327e-01
1.00959885e+00
1.92557395e+00
2.96397328e+00
3.74778509e+00
4.23068094e+00
4.53826237e+00
4.67231655e+00
4.65171003e+00
4.63536692e+00
4.70990992e+00
4.92003679e+00
5.25393152e+00
5.70369005e+00
6.26332045e+00
6.86370087e+00
7.42799807e+00
7.81158352e+00
7.74084377e+00
7.19809437e+00
-7.46526301e-01
-7.57836819e-01
-7.47583270e-01
-6.85273290e-01
-5.03360569e-01
-8.86764750e-02
6.13386273e-01
1.50751293e+00
2.62602496e+00
3.51240897e+00
4.15644693e+00
4.69343567e+00
4.97186041e+00
5.02135992e+00
5.03418970e+00
5.14132595e+00
5.38600826e+00
5.71859312e+00
6.14079142e+00
6.65183544e+00
7.19914579e+00
7.70728493e+00
8.01336956e+00
7.88069916e+00
7.40336132e+00
-7.18700886e-01
-7.28370965e-01
-7.32439220e-01
-7.11094022e-01
-6.02662981e-01
-3.05384368e-01
2.76739985e-01
1.10497308e+00
2.15046859e+00
3.17460632e+00
3.85756111e+00
4.51662636e+00
4.97272205e+00
5.18249655e+00
5.30215549e+00
5.51609564e+00
5.82440805e+00
6.17292881e+00
6.58595705e+00
7.04935169e+00
7.53880262e+00
7.95075464e+00
8.16068363e+00
7.97911596e+00
7.62203598e+00
-7.27234662e-01
-7.26945043e-01
-7.20512748e-01
-7.02817917e-01
-6.40901506e-01
-4.45073903e-01
1.17012030e-02
7.53660262e-01
1.67538857e+00
2.84414387e+00
3.51005030e+00
4.18672514e+00
4.74537563e+00
5.11330795e+00
5.41463041e+00
5.79721451e+00
6.20013285e+00
6.59604836e+00
7.01217127e+00
7.43780088e+00
7.85515499e+00
8.15190506e+00
8.25557423e+00
8.04953957e+00
7.85661030e+00
-7.45493531e-01
-7.41764247e-01
-7.35049188e-01
-7.19462216e-01
-6.75696969e-01
-5.54107487e-01
-2.55808413e-01
3.12164575e-01
1.13344777e+00
2.34668207e+00
2.98035717e+00
3.60115075e+00
4.19257116e+00
4.64652443e+00
5.18115902e+00
5.89185953e+00
6.55350590e+00
7.12491322e+00
7.58498383e+00
7.96758413e+00
8.24937725e+00
8.38860035e+00
8.33608818e+00
8.23190880e+00
8.34578514e+00
-7.60469794e-01
-7.54717231e-01
-7.49621391e-01
-7.39699364e-01
-7.12467432e-01
-6.35663986e-01
-4.33230013e-01
2.06158380e-03
7.16528475e-01
1.92930686e+00
2.52438617e+00
3.10248446e+00
3.67172432e+00
4.09446859e+00
4.66174221e+00
5.52416134e+00
6.45233631e+00
7.28860760e+00
7.91847324e+00
8.31576824e+00
8.54299736e+00
8.59120846e+00
8.58720207e+00
8.69876385e+00
8.98992538e+00
-7.72859693e-01
-7.64891446e-01
-7.60560572e-01
-7.54015326e-01
-7.36845076e-01
-6.88487530e-01
-5.55013895e-01
-2.37005323e-01
3.57366085e-01
1.47183383e+00
2.14315963e+00
2.68169641e+00
3.22688222e+00
3.61148930e+00
4.14518499e+00
5.00576401e+00
6.02349567e+00
7.04973459e+00
7.93332434e+00
8.54844379e+00
8.88736820e+00
9.04896641e+00
9.19659996e+00
9.41417885e+00
9.73230934e+00
-7.83059359e-01
-7.72675753e-01
-7.68451571e-01
-7.63476014e-01
-7.52261043e-01
-7.22151995e-01
-6.36087477e-01
-4.13592488e-01
5.27898148e-02
9.98365998e-01
1.76882279e+00
2.30492091e+00
2.87671447e+00
3.33694720e+00
3.91806793e+00
4.58727932e+00
5.52961683e+00
6.61118269e+00
7.64670086e+00
8.53754711e+00
9.18111420e+00
9.59386158e+00
9.89366913e+00
1.01672392e+01
1.04834490e+01
-7.81719387e-01
-7.76647806e-01
-7.73696005e-01
-7.69390106e-01
-7.60135114e-01
-7.37544715e-01
-6.79525435e-01
-5.31419814e-01
-1.90001130e-01
5.26876390e-01
1.41465867e+00
1.93047345e+00
2.49828315e+00
2.96522927e+00
3.61496258e+00
4.32356262e+00
5.14807367e+00
6.17534590e+00
7.24087429e+00
8.26424217e+00
9.17642689e+00
9.89726162e+00
1.04176521e+01
1.08084850e+01
1.11686344e+01
-7.20278025e-01
-7.29365647e-01
-7.47922361e-01
-7.62779176e-01
-7.64465272e-01
-7.48558402e-01
-7.00162470e-01
-5.82200289e-01
-3.20924014e-01
1.62914947e-01
1.08161688e+00
1.57955861e+00
2.12097168e+00
2.58772612e+00
3.23571253e+00
3.96895909e+00
4.79387903e+00
5.80872536e+00
6.86136675e+00
7.90617132e+00
8.92742443e+00
9.86246681e+00
1.06441307e+01
1.12371969e+01
1.17215385e+01
-7.15848982e-01
-7.09915996e-01
-7.09562302e-01
-7.13186502e-01
-7.21442759e-01
-7.30598927e-01
-7.18731940e-01
-6.42534137e-01
-4.28818554e-01
5.75863710e-03
8.99832249e-01
1.33357179e+00
1.81282258e+00
2.24822855e+00
2.84507394e+00
3.57642388e+00
4.39182711e+00
5.41713810e+00
6.49846125e+00
7.56659508e+00
8.61104870e+00
9.62444592e+00
1.05781460e+01
1.13967161e+01
1.20727949e+01
-7.21044242e-01
-7.12715268e-01
-7.09991097e-01
-7.09137797e-01
-7.07816243e-01
-7.03621745e-01
-6.91062748e-01
-6.53305173e-01
-5.36402047e-01
-2.24387109e-01
6.49472773e-01
1.15215826e+00
1.65041161e+00
2.05857325e+00
2.55651593e+00
3.20061779e+00
3.98956704e+00
5.01201773e+00
6.10454035e+00
7.20144892e+00
8.28400803e+00
9.33346748e+00
1.03525639e+01
1.13172293e+01
1.21909533e+01
-7.26689935e-01
-7.16005325e-01
-7.12448537e-01
-7.11212635e-01
-7.10276127e-01
-7.06863284e-01
-6.96993291e-01
-6.68192267e-01
-5.86073220e-01
-3.71753424e-01
2.60366052e-01
8.30162764e-01
1.34828794e+00
1.82944000e+00
2.32869244e+00
2.92028308e+00
3.66363978e+00
4.64497423e+00
5.71890688e+00
6.81259489e+00
7.91503906e+00
9.00874043e+00
1.00719080e+01
1.11099062e+01
1.21112757e+01
-7.32866287e-01
-7.19237268e-01
-7.14666188e-01
-7.13122249e-01
-7.12372661e-01
-7.10251868e-01
-7.03583300e-01
-6.85002387e-01
-6.33369267e-01
-4.93070096e-01
-5.69337644e-02
5.46603620e-01
1.04776371e+00
1.52663708e+00
2.09702730e+00
2.73408413e+00
3.47576189e+00
4.37087965e+00
5.38557482e+00
6.44445419e+00
7.53469753e+00
8.64144993e+00
9.74170113e+00
1.08415508e+01
1.19128580e+01
-7.39551306e-01
-7.22233832e-01
-7.16352999e-01
-7.14402199e-01
-7.13612795e-01
-7.12532461e-01
-7.08262503e-01
-6.95791602e-01
-6.61428213e-01
-5.66428006e-01
-2.91825414e-01
2.84839392e-01
7.20327139e-01
1.26922405e+00
2.01445603e+00
2.88931370e+00
3.68194580e+00
4.38889313e+00
5.20850992e+00
6.16087627e+00
7.18719101e+00
8.26840878e+00
9.37716389e+00
1.05176401e+01
1.16438894e+01
-7.39576817e-01
-7.17516482e-01
-7.09883690e-01
-7.07366049e-01
-7.06445456e-01
-7.05786109e-01
-7.04364479e-01
-6.99444771e-01
-6.79141939e-01
-6.16063356e-01
-4.51508760e-01
8.12364668e-02
4.56150293e-01
9.20997262e-01
1.69093001e+00
2.83344150e+00
3.97134185e+00
4.83130169e+00
5.47288227e+00
6.15053940e+00
6.98422670e+00
7.94660616e+00
9.02032948e+00
1.01646204e+01
1.13283100e+01
-6.96158409e-01
-6.66957200e-01
-6.56587005e-01
-6.53162241e-01
-6.51977122e-01
-6.51320338e-01
-6.50246084e-01
-6.47684395e-01
-6.41827166e-01
-6.22421920e-01
-5.28023005e-01
-8.80921707e-02
2.39823744e-01
6.46940649e-01
1.30829704e+00
2.43904591e+00
3.71425581e+00
4.86403608e+00
5.79661798e+00
6.52494383e+00
7.14841509e+00
7.84805870e+00
8.74807453e+00
9.84331131e+00
1.09879341e+01
-4.78052348e-01
-4.32178646e-01
-4.15247947e-01
-4.09595519e-01
-4.07725096e-01
-4.06913549e-01
-4.05907214e-01
-4.03413206e-01
-3.98153901e-01
-3.88279527e-01
-3.67145389e-01
-1.63711280e-01
7.49701560e-02
4.23884332e-01
9.89799023e-01
2.02241802e+00
3.30054498e+00
4.52572632e+00
5.62749052e+00
6.63945389e+00
7.48082781e+00
8.14142704e+00
8.78263760e+00
9.72105312e+00
1.07091370e+01
5.46321310e-02
1.53946191e-01
1.93404377e-01
2.06920803e-01
2.11326927e-01
2.12956622e-01
2.14139521e-01
2.16914490e-01
2.23479375e-01
2.35774562e-01
2.57092565e-01
2.92866558e-01
3.71389151e-01
5.20607769e-01
8.98123622e-01
1.70123494e+00
2.89984584e+00
4.11757469e+00
5.25513124e+00
6.37195206e+00
7.42565012e+00
8.35423851e+00
9.09403610e+00
9.98170185e+00
1.06627808e+01
6.64130747e-01
9.01311636e-01
1.01116025e+00
1.05137944e+00
1.06476557e+00
1.06911170e+00
1.07114971e+00
1.07444990e+00
1.08325768e+00
1.10389078e+00
1.13976467e+00
1.18444002e+00
1.24328804e+00
1.32000470e+00
1.46883595e+00
1.85587871e+00
2.66232228e+00
3.76532030e+00
4.86525774e+00
5.99244356e+00
7.11365700e+00
8.19474125e+00
9.17799854e+00
1.02424412e+01
1.09264774e+01
1.02432823e+00
1.46377885e+00
1.72471666e+00
1.83458567e+00
1.87329066e+00
1.88602436e+00
1.89024365e+00
1.89250147e+00
1.90167141e+00
1.92352915e+00
1.97727549e+00
2.04744267e+00
2.13509059e+00
2.23577476e+00
2.33425665e+00
2.48334503e+00
2.84984183e+00
3.58905387e+00
4.54350901e+00
5.61799860e+00
6.73848438e+00
7.86430216e+00
8.95822906e+00
1.00975485e+01
1.11470289e+01
1.15434265e+00
1.75288725e+00
2.22290778e+00
2.47001338e+00
2.56785917e+00
2.60148597e+00
2.61251497e+00
2.61634111e+00
2.61853337e+00
2.63557386e+00
2.67533970e+00
2.76796961e+00
2.87003613e+00
3.00193930e+00
3.14331579e+00
3.26027489e+00
3.40753269e+00
3.74624467e+00
4.38376665e+00
5.30108356e+00
6.36987638e+00
7.49256420e+00
8.62073708e+00
9.72498512e+00
1.10790787e+01
1.18272161e+00
1.83927870e+00
2.49184799e+00
2.93605256e+00
3.14877582e+00
3.22901130e+00
3.25609398e+00
3.26500106e+00
3.26835752e+00
3.27106619e+00
3.29526806e+00
3.37065077e+00
3.46517491e+00
3.59257030e+00
3.76337695e+00
3.93307757e+00
4.05617380e+00
4.18974543e+00
4.48657513e+00
5.11693335e+00
6.03672791e+00
7.12080526e+00
8.25423145e+00
9.37905502e+00
1.08150272e+01
1.18695593e+00
1.81856215e+00
2.56192183e+00
3.19338989e+00
3.57218814e+00
3.73805237e+00
3.79788136e+00
3.81776309e+00
3.82440853e+00
3.82735252e+00
3.83070970e+00
3.87117696e+00
3.95159006e+00
4.05808449e+00
4.21061230e+00
4.41793251e+00
4.59085226e+00
4.68964863e+00
4.79412937e+00
5.12467623e+00
5.78461838e+00
6.76628971e+00
7.87959862e+00
9.01604462e+00
1.04744692e+01
1.19544518e+00
1.75988483e+00
2.51132894e+00
3.25907612e+00
3.80634165e+00
4.09247112e+00
4.20673656e+00
4.24622583e+00
4.25923157e+00
4.26382685e+00
4.26668739e+00
4.27246857e+00
4.32876205e+00
4.42885351e+00
4.54841995e+00
4.73946810e+00
4.95602512e+00
5.09054375e+00
5.13899517e+00
5.27762079e+00
5.65085316e+00
6.44595718e+00
7.51462698e+00
8.64730930e+00
1.01093693e+01
1.20561051e+00
1.69058478e+00
2.40375304e+00
3.19647765e+00
3.86783004e+00
4.28083515e+00
4.46661425e+00
4.53459740e+00
4.55731726e+00
4.56488514e+00
4.56812000e+00
4.57193565e+00
4.58915615e+00
4.67898798e+00
4.78128862e+00
4.94082546e+00
5.16349459e+00
5.34415531e+00
5.40114880e+00
5.45537663e+00
5.61926746e+00
6.17876148e+00
7.16153669e+00
8.28183174e+00
9.73530579e+00
1.20815754e+00
1.61663532e+00
2.27217126e+00
3.06588483e+00
3.81117773e+00
4.33303976e+00
4.59659386e+00
4.69966030e+00
4.73499203e+00
4.74663401e+00
4.75088930e+00
4.75394869e+00
4.75987053e+00
4.82589769e+00
4.91140890e+00
5.04715824e+00
5.25511122e+00
5.46573925e+00
5.55597544e+00
5.57591677e+00
5.62959003e+00
5.96565056e+00
6.82567644e+00
7.92294979e+00
9.36292362e+00
1.19734895e+00
1.53778672e+00
2.12939405e+00
2.90011621e+00
3.68120337e+00
4.28379393e+00
4.62001753e+00
4.76055288e+00
4.81017494e+00
4.82658720e+00
4.83223057e+00
4.83524942e+00
4.83997154e+00
4.85942602e+00
4.95862055e+00
5.07979059e+00
5.26699495e+00
5.48882198e+00
5.61286354e+00
5.63491535e+00
5.63640404e+00
5.79883671e+00
6.50817156e+00
7.56702709e+00
8.99323273e+00
1.17858636e+00
1.45947731e+00
1.98548901e+00
2.71972156e+00
3.51244187e+00
4.17209053e+00
4.57261515e+00
4.75104713e+00
4.81606627e+00
4.83730030e+00
4.84456921e+00
4.84754372e+00
4.85152483e+00
4.86184692e+00
4.94378614e+00
5.05366993e+00
5.22371054e+00
5.44784737e+00
5.60062504e+00
5.63645411e+00
5.61742401e+00
5.67041063e+00
6.21344900e+00
7.22203875e+00
8.62846470e+00
1.14749110e+00
1.37792468e+00
1.84064341e+00
2.53157115e+00
3.32123899e+00
4.02010059e+00
4.47577286e+00
4.69117785e+00
4.77222586e+00
4.79958057e+00
4.80864906e+00
4.81205750e+00
4.81556129e+00
4.82359505e+00
4.88786507e+00
4.98521805e+00
5.14453077e+00
5.36218691e+00
5.53756189e+00
5.59232235e+00
5.57223797e+00
5.54560423e+00
5.94015789e+00
6.88601542e+00
8.22802925e+00
1.92726269e+01
1.94744205e+01
1.96743088e+01
1.98724308e+01
2.00689220e+01
2.02638855e+01
2.04574184e+01
2.06496067e+01
2.08404980e+01
2.10301418e+01
2.12185612e+01
2.14057541e+01
2.15917130e+01
2.17763996e+01
2.19597797e+01
2.21417789e+01
2.23223248e+01
2.25013371e+01
2.26787148e+01
2.28543587e+01
2.30281544e+01
2.32851505e+01
2.35373650e+01
2.37844143e+01
2.40259476e+01
2.42616196e+01
2.44911442e+01
2.47142754e+01
2.49308167e+01
2.51406269e+01
2.53436279e+01
2.56667957e+01
2.59712410e+01
2.62575722e+01
2.65267086e+01
2.67797604e+01
2.70179691e+01
2.72426300e+01
2.74550285e+01
2.76564102e+01
2.78479519e+01
2.80307350e+01
2.82057438e+01
2.83738689e+01
2.85358963e+01
2.86925602e+01
2.88444595e+01
2.89921722e+01
2.91361771e+01
2.92769051e+01
2.94147377e+01
2.95500202e+01
2.96830311e+01
2.98140430e+01
2.99432793e+01
3.00709362e+01
3.01972084e+01
1.76391811e+01
1.77423630e+01
1.78465595e+01
1.79523602e+01
1.80604286e+01
1.81714764e+01
1.82863216e+01
1.84058552e+01
1.85310478e+01
1.86629486e+01
1.88026524e+01
1.89512424e+01
1.91097317e+01
1.92789803e+01
1.94595909e+01
1.96518364e+01
1.98555908e+01
2.00703297e+01
2.02951260e+01
2.05287457e+01
2.07697315e+01
2.11415424e+01
2.15209942e+01
2.19030991e+01
2.22835979e+01
2.26590099e+01
2.30266323e+01
2.33844242e+01
2.37309189e+01
2.40650940e+01
2.43863163e+01
2.48920593e+01
2.53607082e+01
2.57933006e+01
2.61917191e+01
2.65583649e+01
2.68959255e+01
2.72071877e+01
2.74948997e+01
2.77616749e+01
2.80099430e+01
2.82419453e+01
2.84596767e+01
2.86649017e+01
2.88591995e+01
2.90439434e+01
2.92203407e+01
2.93894310e+01
2.95521317e+01
2.97092361e+01
2.98614311e+01
3.00093174e+01
3.01534195e+01
3.02941933e+01
3.04320335e+01
3.05672913e+01
3.07002640e+01
1.40180626e+01
1.41436081e+01
1.42752123e+01
1.44149199e+01
1.45651569e+01
1.47286882e+01
1.49084549e+01
1.51072817e+01
1.53274727e+01
1.55703831e+01
1.58360996e+01
1.61233482e+01
1.64296780e+01
1.67518616e+01
1.70863438e+01
1.74296551e+01
1.77786827e+01
1.81308022e+01
1.84839115e+01
1.88363857e+01
1.91869984e+01
1.97075024e+01
2.02196674e+01
2.07220249e+01
2.12134361e+01
2.16928844e+01
2.21593895e+01
2.26119843e+01
2.30497608e+01
2.34719086e+01
2.38777733e+01
2.45168381e+01
2.51084995e+01
2.56532745e+01
2.61528912e+01
2.66099663e+01
2.70276852e+01
2.74095287e+01
2.77590618e+01
2.80797710e+01
2.83749657e+01
2.86477013e+01
2.89007530e+01
2.91366062e+01
2.93574619e+01
2.95652504e+01
2.97616577e+01
2.99481564e+01
3.01260128e+01
3.02963352e+01
3.04600773e+01
3.06180649e+01
3.07710152e+01
3.09195499e+01
3.10642109e+01
3.12054672e+01
3.13437252e+01
8.08974838e+00
8.74343967e+00
9.37522316e+00
9.98668671e+00
1.05793037e+01
1.11544209e+01
1.17132530e+01
1.22568779e+01
1.27862339e+01
1.33021317e+01
1.38052645e+01
1.42962189e+01
1.47754984e+01
1.52435341e+01
1.57007103e+01
1.61473751e+01
1.65838661e+01
1.70105114e+01
1.74276619e+01
1.78356838e+01
1.82349854e+01
1.88185749e+01
1.93852539e+01
1.99369144e+01
2.04755802e+01
2.10032539e+01
2.15217381e+01
2.20324516e+01
2.25362854e+01
2.30335312e+01
2.35239372e+01
2.43241062e+01
2.50989609e+01
2.58443775e+01
2.65577354e+01
2.72382984e+01
2.78869877e+01
2.85059223e+01
2.90979557e+01
2.96662769e+01
3.02141418e+01
3.07446747e+01
3.12607479e+01
3.17649403e+01
3.22594795e+01
3.27462845e+01
3.32269516e+01
3.37027969e+01
3.41748962e+01
3.46440926e+01
3.51110344e+01
3.55761108e+01
3.60393333e+01
3.65001640e+01
3.69572601e+01
3.74083633e+01
3.78504601e+01
1.51608372e+01
1.52192812e+01
1.52778244e+01
1.53365965e+01
1.53957329e+01
1.54553709e+01
1.55156469e+01
1.55766926e+01
1.56386280e+01
1.57015591e+01
1.57655716e+01
1.58307285e+01
1.58970661e+01
1.59645958e+01
1.60332985e+01
1.61031284e+01
1.61740170e+01
1.62458744e+01
1.63185902e+01
1.63920403e+01
1.64660950e+01
1.65780125e+01
1.66905155e+01
1.68031597e+01
1.69155407e+01
1.70272961e+01
1.71381245e+01
1.72477798e+01
1.73560696e+01
1.74628506e+01
1.75680275e+01
1.77396069e+01
1.79064808e+01
1.80687294e+01
1.82265491e+01
1.83802052e+01
1.85299988e+01
1.86762428e+01
1.88192539e+01
1.89593334e+01
1.90967655e+01
1.92318153e+01
1.93647270e+01
1.94957218e+01
1.96250038e+01
1.97527523e+01
1.98791313e+01
2.00042915e+01
2.01283588e+01
2.02514553e+01
2.03736839e+01
2.04951401e+01
2.06159096e+01
2.07360630e+01
2.08556690e+01
2.09747906e+01
2.10934753e+01
